target,target_cat,scene,format,seed,prompt,image_path,detected_string,ocr_confidence,ned,cer,success_strict,success_lenient,failure_type,n_detections,spurious_text,target_contained
CAT,short_common,blank,quoted,42,"a plain white sign with the word ""CAT"" printed clearly on it",/Users/nicoleshen/Downloads/mmai_project/images/CAT_blank_quoted_seed42.png,CAXTI,0.4119601367270091,0.4,0.6666666666666666,False,False,partial,2,True,False
CAT,short_common,blank,quoted,123,"a plain white sign with the word ""CAT"" printed clearly on it",/Users/nicoleshen/Downloads/mmai_project/images/CAT_blank_quoted_seed123.png,CAIT,0.9932610748729681,0.25,0.3333333333333333,False,True,partial,1,False,False
CAT,short_common,blank,unquoted,42,a plain white sign with the word CAT printed clearly on it,/Users/nicoleshen/Downloads/mmai_project/images/CAT_blank_unquoted_seed42.png,Cd,0.10044914936131824,0.6666666666666666,0.6666666666666666,False,False,partial,3,False,False
CAT,short_common,blank,unquoted,123,a plain white sign with the word CAT printed clearly on it,/Users/nicoleshen/Downloads/mmai_project/images/CAT_blank_unquoted_seed123.png,CATAT,0.9948871654698194,0.4,0.6666666666666666,False,False,partial,2,True,True
CAT,short_common,blank,letterspaced,42,a plain white sign with the word C A T printed clearly on it,/Users/nicoleshen/Downloads/mmai_project/images/CAT_blank_letterspaced_seed42.png,CAT,0.9998553301686818,0.0,0.0,True,True,success,1,False,True
CAT,short_common,blank,letterspaced,123,a plain white sign with the word C A T printed clearly on it,/Users/nicoleshen/Downloads/mmai_project/images/CAT_blank_letterspaced_seed123.png,AT,0.952686177422538,0.3333333333333333,0.3333333333333333,False,True,partial,4,True,True
CAT,short_common,blank,verbatim,42,"a plain white sign with the word CAT printed clearly on it, render the exact characters: CAT",/Users/nicoleshen/Downloads/mmai_project/images/CAT_blank_verbatim_seed42.png,Cat,0.8830884695053101,0.0,0.0,True,True,success,1,False,True
CAT,short_common,blank,verbatim,123,"a plain white sign with the word CAT printed clearly on it, render the exact characters: CAT",/Users/nicoleshen/Downloads/mmai_project/images/CAT_blank_verbatim_seed123.png,Caz,0.46145642022919253,0.3333333333333333,0.3333333333333333,False,True,partial,1,False,False
CAT,short_common,simple,quoted,42,"a wooden storefront sign that clearly says ""CAT""",/Users/nicoleshen/Downloads/mmai_project/images/CAT_simple_quoted_seed42.png,C ATT,0.4757077284708833,0.4,0.6666666666666666,False,False,partial,1,False,False
CAT,short_common,simple,quoted,123,"a wooden storefront sign that clearly says ""CAT""",/Users/nicoleshen/Downloads/mmai_project/images/CAT_simple_quoted_seed123.png,Coy),0.23416674137115479,0.75,1.0,False,False,partial,2,False,False
CAT,short_common,simple,unquoted,42,a wooden storefront sign that clearly says CAT,/Users/nicoleshen/Downloads/mmai_project/images/CAT_simple_unquoted_seed42.png,CAT,0.6032826098720967,0.0,0.0,True,True,success,6,True,True
CAT,short_common,simple,unquoted,123,a wooden storefront sign that clearly says CAT,/Users/nicoleshen/Downloads/mmai_project/images/CAT_simple_unquoted_seed123.png,EAN,0.07049723378371572,0.6666666666666666,0.6666666666666666,False,False,partial,1,False,False
CAT,short_common,simple,letterspaced,42,a wooden storefront sign that clearly says C A T,/Users/nicoleshen/Downloads/mmai_project/images/CAT_simple_letterspaced_seed42.png,CAT,0.9994498979307073,0.0,0.0,True,True,success,3,True,True
CAT,short_common,simple,letterspaced,123,a wooden storefront sign that clearly says C A T,/Users/nicoleshen/Downloads/mmai_project/images/CAT_simple_letterspaced_seed123.png,AI,0.4740097567981551,0.6666666666666666,0.6666666666666666,False,False,partial,3,True,False
CAT,short_common,simple,verbatim,42,"a wooden storefront sign that clearly says CAT, render the exact characters: CAT",/Users/nicoleshen/Downloads/mmai_project/images/CAT_simple_verbatim_seed42.png,CA T,0.8132724707256084,0.25,0.3333333333333333,False,True,partial,4,True,False
CAT,short_common,simple,verbatim,123,"a wooden storefront sign that clearly says CAT, render the exact characters: CAT",/Users/nicoleshen/Downloads/mmai_project/images/CAT_simple_verbatim_seed123.png,(CATXTBT,0.07986206266739042,0.625,1.6666666666666667,False,False,partial,2,False,True
CAT,short_common,cluttered,quoted,42,"a neon sign on a busy city street that reads ""CAT""",/Users/nicoleshen/Downloads/mmai_project/images/CAT_cluttered_quoted_seed42.png,GDXCE / JIE,0.18161837696823516,0.9090909090909091,3.3333333333333335,False,False,garbled,2,False,False
CAT,short_common,cluttered,quoted,123,"a neon sign on a busy city street that reads ""CAT""",/Users/nicoleshen/Downloads/mmai_project/images/CAT_cluttered_quoted_seed123.png,CAT,0.997891071423798,0.0,0.0,True,True,success,6,True,True
CAT,short_common,cluttered,unquoted,42,a neon sign on a busy city street that reads CAT,/Users/nicoleshen/Downloads/mmai_project/images/CAT_cluttered_unquoted_seed42.png,Ka,0.1092841165992745,0.6666666666666666,0.6666666666666666,False,False,partial,4,True,False
CAT,short_common,cluttered,unquoted,123,a neon sign on a busy city street that reads CAT,/Users/nicoleshen/Downloads/mmai_project/images/CAT_cluttered_unquoted_seed123.png,CAt,0.5065483378875402,0.0,0.0,True,True,success,7,True,True
CAT,short_common,cluttered,letterspaced,42,a neon sign on a busy city street that reads C A T,/Users/nicoleshen/Downloads/mmai_project/images/CAT_cluttered_letterspaced_seed42.png,VPATI,0.8625846837332665,0.6,1.0,False,False,partial,8,True,False
CAT,short_common,cluttered,letterspaced,123,a neon sign on a busy city street that reads C A T,/Users/nicoleshen/Downloads/mmai_project/images/CAT_cluttered_letterspaced_seed123.png,cCatt,0.887970339691508,0.4,0.6666666666666666,False,False,partial,7,True,True
CAT,short_common,cluttered,verbatim,42,"a neon sign on a busy city street that reads CAT, render the exact characters: CAT",/Users/nicoleshen/Downloads/mmai_project/images/CAT_cluttered_verbatim_seed42.png,C,0.3759817224645303,0.6666666666666666,0.6666666666666666,False,False,partial,8,True,False
CAT,short_common,cluttered,verbatim,123,"a neon sign on a busy city street that reads CAT, render the exact characters: CAT",/Users/nicoleshen/Downloads/mmai_project/images/CAT_cluttered_verbatim_seed123.png,CAT,0.8701262824568067,0.0,0.0,True,True,success,5,True,True
DOG,short_common,blank,quoted,42,"a plain white sign with the word ""DOG"" printed clearly on it",/Users/nicoleshen/Downloads/mmai_project/images/DOG_blank_quoted_seed42.png,DOGG,0.9795622825622559,0.25,0.3333333333333333,False,True,partial,1,False,True
DOG,short_common,blank,quoted,123,"a plain white sign with the word ""DOG"" printed clearly on it",/Users/nicoleshen/Downloads/mmai_project/images/DOG_blank_quoted_seed123.png,Dog,0.9598390165379117,0.0,0.0,True,True,success,2,False,True
DOG,short_common,blank,unquoted,42,a plain white sign with the word DOG printed clearly on it,/Users/nicoleshen/Downloads/mmai_project/images/DOG_blank_unquoted_seed42.png,D 0| G,0.5809417209511201,0.6666666666666666,1.3333333333333333,False,False,partial,2,True,False
DOG,short_common,blank,unquoted,123,a plain white sign with the word DOG printed clearly on it,/Users/nicoleshen/Downloads/mmai_project/images/DOG_blank_unquoted_seed123.png,Dog,0.9987084633461463,0.0,0.0,True,True,success,2,False,True
DOG,short_common,blank,letterspaced,42,a plain white sign with the word D O G printed clearly on it,/Users/nicoleshen/Downloads/mmai_project/images/DOG_blank_letterspaced_seed42.png,,0.0,1.0,1.0,False,False,no_text,1,False,False
DOG,short_common,blank,letterspaced,123,a plain white sign with the word D O G printed clearly on it,/Users/nicoleshen/Downloads/mmai_project/images/DOG_blank_letterspaced_seed123.png,D-G,0.999682996408458,0.3333333333333333,0.3333333333333333,False,True,partial,3,True,False
DOG,short_common,blank,verbatim,42,"a plain white sign with the word DOG printed clearly on it, render the exact characters: DOG",/Users/nicoleshen/Downloads/mmai_project/images/DOG_blank_verbatim_seed42.png,DOG,0.9924960202544477,0.0,0.0,True,True,success,1,False,True
DOG,short_common,blank,verbatim,123,"a plain white sign with the word DOG printed clearly on it, render the exact characters: DOG",/Users/nicoleshen/Downloads/mmai_project/images/DOG_blank_verbatim_seed123.png,,0.0,1.0,1.0,False,False,no_text,1,True,False
DOG,short_common,simple,quoted,42,"a wooden storefront sign that clearly says ""DOG""",/Users/nicoleshen/Downloads/mmai_project/images/DOG_simple_quoted_seed42.png,D 0   G   6 G,0.25460988605962964,0.8461538461538461,3.6666666666666665,False,False,garbled,1,False,False
DOG,short_common,simple,quoted,123,"a wooden storefront sign that clearly says ""DOG""",/Users/nicoleshen/Downloads/mmai_project/images/DOG_simple_quoted_seed123.png,"Dok ""ORG",0.3299729983679676,0.625,1.6666666666666667,False,False,partial,2,True,False
DOG,short_common,simple,unquoted,42,a wooden storefront sign that clearly says DOG,/Users/nicoleshen/Downloads/mmai_project/images/DOG_simple_unquoted_seed42.png,Ndia,0.00659416988492012,0.75,1.0,False,False,partial,11,True,False
DOG,short_common,simple,unquoted,123,a wooden storefront sign that clearly says DOG,/Users/nicoleshen/Downloads/mmai_project/images/DOG_simple_unquoted_seed123.png,DoG,0.5674196695806649,0.0,0.0,True,True,success,2,False,True
DOG,short_common,simple,letterspaced,42,a wooden storefront sign that clearly says D O G,/Users/nicoleshen/Downloads/mmai_project/images/DOG_simple_letterspaced_seed42.png,DOGG,0.9995819926261902,0.25,0.3333333333333333,False,True,partial,1,False,True
DOG,short_common,simple,letterspaced,123,a wooden storefront sign that clearly says D O G,/Users/nicoleshen/Downloads/mmai_project/images/DOG_simple_letterspaced_seed123.png,DOG,0.9944942729554966,0.0,0.0,True,True,success,3,True,True
DOG,short_common,simple,verbatim,42,"a wooden storefront sign that clearly says DOG, render the exact characters: DOG",/Users/nicoleshen/Downloads/mmai_project/images/DOG_simple_verbatim_seed42.png,Do 6,0.3937246613223901,0.5,0.6666666666666666,False,False,partial,3,True,False
DOG,short_common,simple,verbatim,123,"a wooden storefront sign that clearly says DOG, render the exact characters: DOG",/Users/nicoleshen/Downloads/mmai_project/images/DOG_simple_verbatim_seed123.png,fLI- DO6   THRIE,0.061060448412345744,0.875,4.666666666666667,False,False,garbled,5,True,False
DOG,short_common,cluttered,quoted,42,"a neon sign on a busy city street that reads ""DOG""",/Users/nicoleshen/Downloads/mmai_project/images/DOG_cluttered_quoted_seed42.png,DOG,0.9082487994058421,0.0,0.0,True,True,success,8,False,True
DOG,short_common,cluttered,quoted,123,"a neon sign on a busy city street that reads ""DOG""",/Users/nicoleshen/Downloads/mmai_project/images/DOG_cluttered_quoted_seed123.png,Dog,0.4337107147113351,0.0,0.0,True,True,success,5,True,True
DOG,short_common,cluttered,unquoted,42,a neon sign on a busy city street that reads DOG,/Users/nicoleshen/Downloads/mmai_project/images/DOG_cluttered_unquoted_seed42.png,HwGpuVhH,0.03146078385634319,0.875,2.3333333333333335,False,False,garbled,6,True,False
DOG,short_common,cluttered,unquoted,123,a neon sign on a busy city street that reads DOG,/Users/nicoleshen/Downloads/mmai_project/images/DOG_cluttered_unquoted_seed123.png,Dog,0.8060470817145128,0.0,0.0,True,True,success,10,False,True
DOG,short_common,cluttered,letterspaced,42,a neon sign on a busy city street that reads D O G,/Users/nicoleshen/Downloads/mmai_project/images/DOG_cluttered_letterspaced_seed42.png,DO6,0.17662321363460573,0.3333333333333333,0.3333333333333333,False,True,glyph_substitution,4,False,False
DOG,short_common,cluttered,letterspaced,123,a neon sign on a busy city street that reads D O G,/Users/nicoleshen/Downloads/mmai_project/images/DOG_cluttered_letterspaced_seed123.png,Do g,0.18835560977458954,0.25,0.3333333333333333,False,True,partial,4,True,True
DOG,short_common,cluttered,verbatim,42,"a neon sign on a busy city street that reads DOG, render the exact characters: DOG",/Users/nicoleshen/Downloads/mmai_project/images/DOG_cluttered_verbatim_seed42.png,Doc,0.6297474844121992,0.3333333333333333,0.3333333333333333,False,True,partial,9,True,False
DOG,short_common,cluttered,verbatim,123,"a neon sign on a busy city street that reads DOG, render the exact characters: DOG",/Users/nicoleshen/Downloads/mmai_project/images/DOG_cluttered_verbatim_seed123.png,DOG,0.9334346548952104,0.0,0.0,True,True,success,9,True,True
SUN,short_common,blank,quoted,42,"a plain white sign with the word ""SUN"" printed clearly on it",/Users/nicoleshen/Downloads/mmai_project/images/SUN_blank_quoted_seed42.png,SU,0.9961618244254955,0.3333333333333333,0.3333333333333333,False,True,partial,1,False,False
SUN,short_common,blank,quoted,123,"a plain white sign with the word ""SUN"" printed clearly on it",/Users/nicoleshen/Downloads/mmai_project/images/SUN_blank_quoted_seed123.png,SUN,0.9993607071713507,0.0,0.0,True,True,success,1,False,True
SUN,short_common,blank,unquoted,42,a plain white sign with the word SUN printed clearly on it,/Users/nicoleshen/Downloads/mmai_project/images/SUN_blank_unquoted_seed42.png,SUIN,0.9994018077850342,0.25,0.3333333333333333,False,True,partial,1,False,False
SUN,short_common,blank,unquoted,123,a plain white sign with the word SUN printed clearly on it,/Users/nicoleshen/Downloads/mmai_project/images/SUN_blank_unquoted_seed123.png,SJN,0.937773504281696,0.3333333333333333,0.3333333333333333,False,True,partial,2,False,False
SUN,short_common,blank,letterspaced,42,a plain white sign with the word S U N printed clearly on it,/Users/nicoleshen/Downloads/mmai_project/images/SUN_blank_letterspaced_seed42.png,SUW N,0.8279665728935075,0.4,0.6666666666666666,False,False,partial,1,False,False
SUN,short_common,blank,letterspaced,123,a plain white sign with the word S U N printed clearly on it,/Users/nicoleshen/Downloads/mmai_project/images/SUN_blank_letterspaced_seed123.png,S Ul) N,0.7968146532268547,0.5714285714285714,1.3333333333333333,False,False,partial,1,True,False
SUN,short_common,blank,verbatim,42,"a plain white sign with the word SUN printed clearly on it, render the exact characters: SUN",/Users/nicoleshen/Downloads/mmai_project/images/SUN_blank_verbatim_seed42.png,Sun,0.7192310129870583,0.0,0.0,True,True,success,1,False,True
SUN,short_common,blank,verbatim,123,"a plain white sign with the word SUN printed clearly on it, render the exact characters: SUN",/Users/nicoleshen/Downloads/mmai_project/images/SUN_blank_verbatim_seed123.png,SUN,0.99991575804454,0.0,0.0,True,True,success,1,False,True
SUN,short_common,simple,quoted,42,"a wooden storefront sign that clearly says ""SUN""",/Users/nicoleshen/Downloads/mmai_project/images/SUN_simple_quoted_seed42.png,SUIN,0.7089240550994873,0.25,0.3333333333333333,False,True,partial,2,False,False
SUN,short_common,simple,quoted,123,"a wooden storefront sign that clearly says ""SUN""",/Users/nicoleshen/Downloads/mmai_project/images/SUN_simple_quoted_seed123.png,SUNNI,0.6029511360890617,0.4,0.6666666666666666,False,False,partial,1,False,True
SUN,short_common,simple,unquoted,42,a wooden storefront sign that clearly says SUN,/Users/nicoleshen/Downloads/mmai_project/images/SUN_simple_unquoted_seed42.png,SUU N,0.774120208320746,0.4,0.6666666666666666,False,False,partial,4,True,False
SUN,short_common,simple,unquoted,123,a wooden storefront sign that clearly says SUN,/Users/nicoleshen/Downloads/mmai_project/images/SUN_simple_unquoted_seed123.png,S   U N !,0.23245742268554334,0.6666666666666666,2.0,False,False,partial,1,False,False
SUN,short_common,simple,letterspaced,42,a wooden storefront sign that clearly says S U N,/Users/nicoleshen/Downloads/mmai_project/images/SUN_simple_letterspaced_seed42.png,S U UNN N,0.7840140701648683,0.6666666666666666,2.0,False,False,partial,1,True,False
SUN,short_common,simple,letterspaced,123,a wooden storefront sign that clearly says S U N,/Users/nicoleshen/Downloads/mmai_project/images/SUN_simple_letterspaced_seed123.png,SUI,0.3840677534600379,0.3333333333333333,0.3333333333333333,False,True,partial,3,True,False
SUN,short_common,simple,verbatim,42,"a wooden storefront sign that clearly says SUN, render the exact characters: SUN",/Users/nicoleshen/Downloads/mmai_project/images/SUN_simple_verbatim_seed42.png,KG@N,0.13435600697994232,0.75,1.0,False,False,partial,2,True,False
SUN,short_common,simple,verbatim,123,"a wooden storefront sign that clearly says SUN, render the exact characters: SUN",/Users/nicoleshen/Downloads/mmai_project/images/SUN_simple_verbatim_seed123.png,SUNNI,0.9394465751998653,0.4,0.6666666666666666,False,False,partial,1,False,True
SUN,short_common,cluttered,quoted,42,"a neon sign on a busy city street that reads ""SUN""",/Users/nicoleshen/Downloads/mmai_project/images/SUN_cluttered_quoted_seed42.png,SUNI,0.9683272242546082,0.25,0.3333333333333333,False,True,partial,7,True,True
SUN,short_common,cluttered,quoted,123,"a neon sign on a busy city street that reads ""SUN""",/Users/nicoleshen/Downloads/mmai_project/images/SUN_cluttered_quoted_seed123.png,SUF,0.24160149453511934,0.3333333333333333,0.3333333333333333,False,True,partial,7,False,False
SUN,short_common,cluttered,unquoted,42,a neon sign on a busy city street that reads SUN,/Users/nicoleshen/Downloads/mmai_project/images/SUN_cluttered_unquoted_seed42.png,SUUM,0.6654051542282104,0.5,0.6666666666666666,False,False,partial,6,False,False
SUN,short_common,cluttered,unquoted,123,a neon sign on a busy city street that reads SUN,/Users/nicoleshen/Downloads/mmai_project/images/SUN_cluttered_unquoted_seed123.png,SUIN,0.9738916754722595,0.25,0.3333333333333333,False,True,partial,9,True,False
SUN,short_common,cluttered,letterspaced,42,a neon sign on a busy city street that reads S U N,/Users/nicoleshen/Downloads/mmai_project/images/SUN_cluttered_letterspaced_seed42.png,SQUJN,0.35802961148258544,0.4,0.6666666666666666,False,False,partial,4,True,False
SUN,short_common,cluttered,letterspaced,123,a neon sign on a busy city street that reads S U N,/Users/nicoleshen/Downloads/mmai_project/images/SUN_cluttered_letterspaced_seed123.png,SJUN,0.9431763319273535,0.25,0.3333333333333333,False,True,partial,13,True,False
SUN,short_common,cluttered,verbatim,42,"a neon sign on a busy city street that reads SUN, render the exact characters: SUN",/Users/nicoleshen/Downloads/mmai_project/images/SUN_cluttered_verbatim_seed42.png,SUN,0.5802196945658901,0.0,0.0,True,True,success,10,True,True
SUN,short_common,cluttered,verbatim,123,"a neon sign on a busy city street that reads SUN, render the exact characters: SUN",/Users/nicoleshen/Downloads/mmai_project/images/SUN_cluttered_verbatim_seed123.png,SUJln,0.367817514567546,0.4,0.6666666666666666,False,False,partial,3,True,False
MARKET,medium_common,blank,quoted,42,"a plain white sign with the word ""MARKET"" printed clearly on it",/Users/nicoleshen/Downloads/mmai_project/images/MARKET_blank_quoted_seed42.png,MARET,0.9998587752951645,0.16666666666666666,0.16666666666666666,False,True,partial,2,False,False
MARKET,medium_common,blank,quoted,123,"a plain white sign with the word ""MARKET"" printed clearly on it",/Users/nicoleshen/Downloads/mmai_project/images/MARKET_blank_quoted_seed123.png,MARKKETT,0.4739161393448542,0.25,0.3333333333333333,False,False,partial,1,False,False
MARKET,medium_common,blank,unquoted,42,a plain white sign with the word MARKET printed clearly on it,/Users/nicoleshen/Downloads/mmai_project/images/MARKET_blank_unquoted_seed42.png,MARET,0.9363903603151088,0.16666666666666666,0.16666666666666666,False,True,partial,2,False,False
MARKET,medium_common,blank,unquoted,123,a plain white sign with the word MARKET printed clearly on it,/Users/nicoleshen/Downloads/mmai_project/images/MARKET_blank_unquoted_seed123.png,MARKKTT,0.872005708014007,0.2857142857142857,0.3333333333333333,False,False,partial,1,False,False
MARKET,medium_common,blank,letterspaced,42,a plain white sign with the word M A R K E T printed clearly on it,/Users/nicoleshen/Downloads/mmai_project/images/MARKET_blank_letterspaced_seed42.png,MARLEE,0.9999246628637414,0.3333333333333333,0.3333333333333333,False,False,partial,2,False,False
MARKET,medium_common,blank,letterspaced,123,a plain white sign with the word M A R K E T printed clearly on it,/Users/nicoleshen/Downloads/mmai_project/images/MARKET_blank_letterspaced_seed123.png,MARRKET,0.807671050631639,0.14285714285714285,0.16666666666666666,False,True,partial,1,False,False
MARKET,medium_common,blank,verbatim,42,"a plain white sign with the word MARKET printed clearly on it, render the exact characters: MARKET",/Users/nicoleshen/Downloads/mmai_project/images/MARKET_blank_verbatim_seed42.png,MARIKET,0.6749705569185235,0.14285714285714285,0.16666666666666666,False,True,partial,1,False,False
MARKET,medium_common,blank,verbatim,123,"a plain white sign with the word MARKET printed clearly on it, render the exact characters: MARKET",/Users/nicoleshen/Downloads/mmai_project/images/MARKET_blank_verbatim_seed123.png,MARKET,0.9999649596301848,0.0,0.0,True,True,success,1,False,True
MARKET,medium_common,simple,quoted,42,"a wooden storefront sign that clearly says ""MARKET""",/Users/nicoleshen/Downloads/mmai_project/images/MARKET_simple_quoted_seed42.png,MA RKET,0.4684177951573606,0.14285714285714285,0.16666666666666666,False,True,partial,2,False,False
MARKET,medium_common,simple,quoted,123,"a wooden storefront sign that clearly says ""MARKET""",/Users/nicoleshen/Downloads/mmai_project/images/MARKET_simple_quoted_seed123.png,MIrEI,0.0538765302995845,0.5,0.5,False,False,partial,3,True,False
MARKET,medium_common,simple,unquoted,42,a wooden storefront sign that clearly says MARKET,/Users/nicoleshen/Downloads/mmai_project/images/MARKET_simple_unquoted_seed42.png,MARKET,0.9995378342703222,0.0,0.0,True,True,success,1,False,True
MARKET,medium_common,simple,unquoted,123,a wooden storefront sign that clearly says MARKET,/Users/nicoleshen/Downloads/mmai_project/images/MARKET_simple_unquoted_seed123.png,MAKET,0.5258668236118988,0.16666666666666666,0.16666666666666666,False,True,partial,4,True,False
MARKET,medium_common,simple,letterspaced,42,a wooden storefront sign that clearly says M A R K E T,/Users/nicoleshen/Downloads/mmai_project/images/MARKET_simple_letterspaced_seed42.png,N ^ A RETT,0.5029934768086382,0.7,1.1666666666666667,False,False,partial,3,True,False
MARKET,medium_common,simple,letterspaced,123,a wooden storefront sign that clearly says M A R K E T,/Users/nicoleshen/Downloads/mmai_project/images/MARKET_simple_letterspaced_seed123.png,MARVLI,0.5103133370763708,0.5,0.5,False,False,partial,5,False,False
MARKET,medium_common,simple,verbatim,42,"a wooden storefront sign that clearly says MARKET, render the exact characters: MARKET",/Users/nicoleshen/Downloads/mmai_project/images/MARKET_simple_verbatim_seed42.png,RkFT,0.27210935950279236,0.5,0.5,False,False,partial,2,True,False
MARKET,medium_common,simple,verbatim,123,"a wooden storefront sign that clearly says MARKET, render the exact characters: MARKET",/Users/nicoleshen/Downloads/mmai_project/images/MARKET_simple_verbatim_seed123.png,MAKET,0.558291495800541,0.16666666666666666,0.16666666666666666,False,True,partial,4,True,False
MARKET,medium_common,cluttered,quoted,42,"a neon sign on a busy city street that reads ""MARKET""",/Users/nicoleshen/Downloads/mmai_project/images/MARKET_cluttered_quoted_seed42.png,MARKET,0.8590717297754746,0.0,0.0,True,True,success,7,False,True
MARKET,medium_common,cluttered,quoted,123,"a neon sign on a busy city street that reads ""MARKET""",/Users/nicoleshen/Downloads/mmai_project/images/MARKET_cluttered_quoted_seed123.png,MARET,0.97474923674369,0.16666666666666666,0.16666666666666666,False,True,partial,8,True,False
MARKET,medium_common,cluttered,unquoted,42,a neon sign on a busy city street that reads MARKET,/Users/nicoleshen/Downloads/mmai_project/images/MARKET_cluttered_unquoted_seed42.png,SkXer,0.08810110626048956,0.8333333333333334,0.8333333333333334,False,False,garbled,3,True,False
MARKET,medium_common,cluttered,unquoted,123,a neon sign on a busy city street that reads MARKET,/Users/nicoleshen/Downloads/mmai_project/images/MARKET_cluttered_unquoted_seed123.png,MARKE],0.7779448298765366,0.16666666666666666,0.16666666666666666,False,True,partial,13,True,False
MARKET,medium_common,cluttered,letterspaced,42,a neon sign on a busy city street that reads M A R K E T,/Users/nicoleshen/Downloads/mmai_project/images/MARKET_cluttered_letterspaced_seed42.png,MAARKE,0.9053291227140468,0.3333333333333333,0.3333333333333333,False,False,partial,3,True,False
MARKET,medium_common,cluttered,letterspaced,123,a neon sign on a busy city street that reads M A R K E T,/Users/nicoleshen/Downloads/mmai_project/images/MARKET_cluttered_letterspaced_seed123.png,SaRt,0.3065270483493805,0.5,0.5,False,False,partial,9,True,False
MARKET,medium_common,cluttered,verbatim,42,"a neon sign on a busy city street that reads MARKET, render the exact characters: MARKET",/Users/nicoleshen/Downloads/mmai_project/images/MARKET_cluttered_verbatim_seed42.png,Aakel!,0.2709065658299386,0.6666666666666666,0.6666666666666666,False,False,partial,14,True,False
MARKET,medium_common,cluttered,verbatim,123,"a neon sign on a busy city street that reads MARKET, render the exact characters: MARKET",/Users/nicoleshen/Downloads/mmai_project/images/MARKET_cluttered_verbatim_seed123.png,MARKeT,0.1622526541864233,0.0,0.0,True,True,success,6,True,True
BRIDGE,medium_common,blank,quoted,42,"a plain white sign with the word ""BRIDGE"" printed clearly on it",/Users/nicoleshen/Downloads/mmai_project/images/BRIDGE_blank_quoted_seed42.png,KB RID4 M,0.1749787878619244,0.5555555555555556,0.8333333333333334,False,False,partial,1,False,False
BRIDGE,medium_common,blank,quoted,123,"a plain white sign with the word ""BRIDGE"" printed clearly on it",/Users/nicoleshen/Downloads/mmai_project/images/BRIDGE_blank_quoted_seed123.png,BRIIIDGE,0.8143890209421543,0.25,0.3333333333333333,False,False,partial,1,False,False
BRIDGE,medium_common,blank,unquoted,42,a plain white sign with the word BRIDGE printed clearly on it,/Users/nicoleshen/Downloads/mmai_project/images/BRIDGE_blank_unquoted_seed42.png,Brdge,0.8086152239083144,0.16666666666666666,0.16666666666666666,False,True,partial,2,False,False
BRIDGE,medium_common,blank,unquoted,123,a plain white sign with the word BRIDGE printed clearly on it,/Users/nicoleshen/Downloads/mmai_project/images/BRIDGE_blank_unquoted_seed123.png,BRIDGE,0.9308486918799818,0.0,0.0,True,True,success,1,False,True
BRIDGE,medium_common,blank,letterspaced,42,a plain white sign with the word B R I D G E printed clearly on it,/Users/nicoleshen/Downloads/mmai_project/images/BRIDGE_blank_letterspaced_seed42.png,BRIDEGE,0.9999211044047036,0.14285714285714285,0.16666666666666666,False,True,partial,3,True,False
BRIDGE,medium_common,blank,letterspaced,123,a plain white sign with the word B R I D G E printed clearly on it,/Users/nicoleshen/Downloads/mmai_project/images/BRIDGE_blank_letterspaced_seed123.png,B3 RIIIDGE,0.5035925735082983,0.4,0.6666666666666666,False,False,partial,1,False,False
BRIDGE,medium_common,blank,verbatim,42,"a plain white sign with the word BRIDGE printed clearly on it, render the exact characters: BRIDGE",/Users/nicoleshen/Downloads/mmai_project/images/BRIDGE_blank_verbatim_seed42.png,BRI DDGE,0.7406101664182756,0.25,0.3333333333333333,False,False,partial,3,True,False
BRIDGE,medium_common,blank,verbatim,123,"a plain white sign with the word BRIDGE printed clearly on it, render the exact characters: BRIDGE",/Users/nicoleshen/Downloads/mmai_project/images/BRIDGE_blank_verbatim_seed123.png,Bridge,0.9007732913273335,0.0,0.0,True,True,success,1,False,True
BRIDGE,medium_common,simple,quoted,42,"a wooden storefront sign that clearly says ""BRIDGE""",/Users/nicoleshen/Downloads/mmai_project/images/BRIDGE_simple_quoted_seed42.png,Boge,0.9347297546678861,0.5,0.5,False,False,partial,2,True,False
BRIDGE,medium_common,simple,quoted,123,"a wooden storefront sign that clearly says ""BRIDGE""",/Users/nicoleshen/Downloads/mmai_project/images/BRIDGE_simple_quoted_seed123.png,B RIDG E,0.5311980658722223,0.25,0.3333333333333333,False,False,partial,3,False,False
BRIDGE,medium_common,simple,unquoted,42,a wooden storefront sign that clearly says BRIDGE,/Users/nicoleshen/Downloads/mmai_project/images/BRIDGE_simple_unquoted_seed42.png,enildce,0.3696375078109201,0.5714285714285714,0.6666666666666666,False,False,partial,3,True,False
BRIDGE,medium_common,simple,unquoted,123,a wooden storefront sign that clearly says BRIDGE,/Users/nicoleshen/Downloads/mmai_project/images/BRIDGE_simple_unquoted_seed123.png,BRIDGF,0.6510010329708468,0.16666666666666666,0.16666666666666666,False,True,partial,5,True,False
BRIDGE,medium_common,simple,letterspaced,42,a wooden storefront sign that clearly says B R I D G E,/Users/nicoleshen/Downloads/mmai_project/images/BRIDGE_simple_letterspaced_seed42.png,RID G E,0.6070566439819829,0.42857142857142855,0.5,False,False,partial,2,True,False
BRIDGE,medium_common,simple,letterspaced,123,a wooden storefront sign that clearly says B R I D G E,/Users/nicoleshen/Downloads/mmai_project/images/BRIDGE_simple_letterspaced_seed123.png,B RIDG E,0.6365989769007586,0.25,0.3333333333333333,False,False,partial,2,False,False
BRIDGE,medium_common,simple,verbatim,42,"a wooden storefront sign that clearly says BRIDGE, render the exact characters: BRIDGE",/Users/nicoleshen/Downloads/mmai_project/images/BRIDGE_simple_verbatim_seed42.png,BRIR DIEG E,0.6339406007524037,0.45454545454545453,0.8333333333333334,False,False,partial,4,False,False
BRIDGE,medium_common,simple,verbatim,123,"a wooden storefront sign that clearly says BRIDGE, render the exact characters: BRIDGE",/Users/nicoleshen/Downloads/mmai_project/images/BRIDGE_simple_verbatim_seed123.png,BRIDGE,0.9444611921487568,0.0,0.0,True,True,success,4,True,True
BRIDGE,medium_common,cluttered,quoted,42,"a neon sign on a busy city street that reads ""BRIDGE""",/Users/nicoleshen/Downloads/mmai_project/images/BRIDGE_cluttered_quoted_seed42.png,BRidgE,0.5407944737149658,0.0,0.0,True,True,success,4,False,True
BRIDGE,medium_common,cluttered,quoted,123,"a neon sign on a busy city street that reads ""BRIDGE""",/Users/nicoleshen/Downloads/mmai_project/images/BRIDGE_cluttered_quoted_seed123.png,BRICE,0.7106669089888968,0.3333333333333333,0.3333333333333333,False,False,partial,9,True,False
BRIDGE,medium_common,cluttered,unquoted,42,a neon sign on a busy city street that reads BRIDGE,/Users/nicoleshen/Downloads/mmai_project/images/BRIDGE_cluttered_unquoted_seed42.png,bpidce,0.4480298667522352,0.3333333333333333,0.3333333333333333,False,False,partial,3,True,False
BRIDGE,medium_common,cluttered,unquoted,123,a neon sign on a busy city street that reads BRIDGE,/Users/nicoleshen/Downloads/mmai_project/images/BRIDGE_cluttered_unquoted_seed123.png,BRILE,0.47486867287353135,0.3333333333333333,0.3333333333333333,False,False,partial,9,True,False
BRIDGE,medium_common,cluttered,letterspaced,42,a neon sign on a busy city street that reads B R I D G E,/Users/nicoleshen/Downloads/mmai_project/images/BRIDGE_cluttered_letterspaced_seed42.png,RED,0.7985396385192871,0.6666666666666666,0.6666666666666666,False,False,partial,6,True,False
BRIDGE,medium_common,cluttered,letterspaced,123,a neon sign on a busy city street that reads B R I D G E,/Users/nicoleshen/Downloads/mmai_project/images/BRIDGE_cluttered_letterspaced_seed123.png,BRIIGE,0.9969617524516429,0.16666666666666666,0.16666666666666666,False,True,partial,7,True,False
BRIDGE,medium_common,cluttered,verbatim,42,"a neon sign on a busy city street that reads BRIDGE, render the exact characters: BRIDGE",/Users/nicoleshen/Downloads/mmai_project/images/BRIDGE_cluttered_verbatim_seed42.png,BRIdGe},0.29449732877908774,0.14285714285714285,0.16666666666666666,False,True,partial,9,True,True
BRIDGE,medium_common,cluttered,verbatim,123,"a neon sign on a busy city street that reads BRIDGE, render the exact characters: BRIDGE",/Users/nicoleshen/Downloads/mmai_project/images/BRIDGE_cluttered_verbatim_seed123.png,BRDCE,0.3899118739744311,0.3333333333333333,0.3333333333333333,False,False,partial,4,False,False
GARDEN,medium_common,blank,quoted,42,"a plain white sign with the word ""GARDEN"" printed clearly on it",/Users/nicoleshen/Downloads/mmai_project/images/GARDEN_blank_quoted_seed42.png,GARDEN,0.5851348561929884,0.0,0.0,True,True,success,1,False,True
GARDEN,medium_common,blank,quoted,123,"a plain white sign with the word ""GARDEN"" printed clearly on it",/Users/nicoleshen/Downloads/mmai_project/images/GARDEN_blank_quoted_seed123.png,GARDEN,0.9999753744355896,0.0,0.0,True,True,success,1,False,True
GARDEN,medium_common,blank,unquoted,42,a plain white sign with the word GARDEN printed clearly on it,/Users/nicoleshen/Downloads/mmai_project/images/GARDEN_blank_unquoted_seed42.png,GARDEN,0.9999532794455894,0.0,0.0,True,True,success,1,False,True
GARDEN,medium_common,blank,unquoted,123,a plain white sign with the word GARDEN printed clearly on it,/Users/nicoleshen/Downloads/mmai_project/images/GARDEN_blank_unquoted_seed123.png,GARDEN,0.9358172283158858,0.0,0.0,True,True,success,1,False,True
GARDEN,medium_common,blank,letterspaced,42,a plain white sign with the word G A R D E N printed clearly on it,/Users/nicoleshen/Downloads/mmai_project/images/GARDEN_blank_letterspaced_seed42.png,GARDDE,0.9998487404281036,0.3333333333333333,0.3333333333333333,False,False,partial,2,True,False
GARDEN,medium_common,blank,letterspaced,123,a plain white sign with the word G A R D E N printed clearly on it,/Users/nicoleshen/Downloads/mmai_project/images/GARDEN_blank_letterspaced_seed123.png,GARDIEN,0.9999628729113953,0.14285714285714285,0.16666666666666666,False,True,partial,1,False,False
GARDEN,medium_common,blank,verbatim,42,"a plain white sign with the word GARDEN printed clearly on it, render the exact characters: GARDEN",/Users/nicoleshen/Downloads/mmai_project/images/GARDEN_blank_verbatim_seed42.png,GARRDEN,0.8645926300357234,0.14285714285714285,0.16666666666666666,False,True,partial,1,False,False
GARDEN,medium_common,blank,verbatim,123,"a plain white sign with the word GARDEN printed clearly on it, render the exact characters: GARDEN",/Users/nicoleshen/Downloads/mmai_project/images/GARDEN_blank_verbatim_seed123.png,GARDEEN,0.999344443174604,0.14285714285714285,0.16666666666666666,False,True,partial,1,False,False
GARDEN,medium_common,simple,quoted,42,"a wooden storefront sign that clearly says ""GARDEN""",/Users/nicoleshen/Downloads/mmai_project/images/GARDEN_simple_quoted_seed42.png,GARDEN,0.9891692581108852,0.0,0.0,True,True,success,1,False,True
GARDEN,medium_common,simple,quoted,123,"a wooden storefront sign that clearly says ""GARDEN""",/Users/nicoleshen/Downloads/mmai_project/images/GARDEN_simple_quoted_seed123.png,Ganden,0.9864712537653374,0.16666666666666666,0.16666666666666666,False,True,partial,2,False,False
GARDEN,medium_common,simple,unquoted,42,a wooden storefront sign that clearly says GARDEN,/Users/nicoleshen/Downloads/mmai_project/images/GARDEN_simple_unquoted_seed42.png,GARDEN,0.9703827733237119,0.0,0.0,True,True,success,1,False,True
GARDEN,medium_common,simple,unquoted,123,a wooden storefront sign that clearly says GARDEN,/Users/nicoleshen/Downloads/mmai_project/images/GARDEN_simple_unquoted_seed123.png,GARDIEN,0.4709637538042952,0.14285714285714285,0.16666666666666666,False,True,partial,3,True,False
GARDEN,medium_common,simple,letterspaced,42,a wooden storefront sign that clearly says G A R D E N,/Users/nicoleshen/Downloads/mmai_project/images/GARDEN_simple_letterspaced_seed42.png,GA A RE NN,0.3451478859900628,0.6,1.0,False,False,partial,1,True,False
GARDEN,medium_common,simple,letterspaced,123,a wooden storefront sign that clearly says G A R D E N,/Users/nicoleshen/Downloads/mmai_project/images/GARDEN_simple_letterspaced_seed123.png,GxRz,0.06129014864563942,0.6666666666666666,0.6666666666666666,False,False,partial,4,True,False
GARDEN,medium_common,simple,verbatim,42,"a wooden storefront sign that clearly says GARDEN, render the exact characters: GARDEN",/Users/nicoleshen/Downloads/mmai_project/images/GARDEN_simple_verbatim_seed42.png,GARRDEEN,0.9747168287654026,0.25,0.3333333333333333,False,False,partial,2,True,False
GARDEN,medium_common,simple,verbatim,123,"a wooden storefront sign that clearly says GARDEN, render the exact characters: GARDEN",/Users/nicoleshen/Downloads/mmai_project/images/GARDEN_simple_verbatim_seed123.png,GARDens,0.2852956984953618,0.14285714285714285,0.16666666666666666,False,True,partial,5,True,True
GARDEN,medium_common,cluttered,quoted,42,"a neon sign on a busy city street that reads ""GARDEN""",/Users/nicoleshen/Downloads/mmai_project/images/GARDEN_cluttered_quoted_seed42.png,Garde,0.3956886367260379,0.16666666666666666,0.16666666666666666,False,True,partial,6,True,False
GARDEN,medium_common,cluttered,quoted,123,"a neon sign on a busy city street that reads ""GARDEN""",/Users/nicoleshen/Downloads/mmai_project/images/GARDEN_cluttered_quoted_seed123.png,GARDEN,0.582424421789964,0.0,0.0,True,True,success,4,True,True
GARDEN,medium_common,cluttered,unquoted,42,a neon sign on a busy city street that reads GARDEN,/Users/nicoleshen/Downloads/mmai_project/images/GARDEN_cluttered_unquoted_seed42.png,GARDE,0.9431985560045432,0.16666666666666666,0.16666666666666666,False,True,partial,8,True,False
GARDEN,medium_common,cluttered,unquoted,123,a neon sign on a busy city street that reads GARDEN,/Users/nicoleshen/Downloads/mmai_project/images/GARDEN_cluttered_unquoted_seed123.png,GARDEN,0.9364272553615323,0.0,0.0,True,True,success,7,True,True
GARDEN,medium_common,cluttered,letterspaced,42,a neon sign on a busy city street that reads G A R D E N,/Users/nicoleshen/Downloads/mmai_project/images/GARDEN_cluttered_letterspaced_seed42.png,GARICNL,0.36709170208827246,0.42857142857142855,0.5,False,False,partial,5,True,False
GARDEN,medium_common,cluttered,letterspaced,123,a neon sign on a busy city street that reads G A R D E N,/Users/nicoleshen/Downloads/mmai_project/images/GARDEN_cluttered_letterspaced_seed123.png,GARDEW,0.2924740127811988,0.16666666666666666,0.16666666666666666,False,True,partial,9,True,False
GARDEN,medium_common,cluttered,verbatim,42,"a neon sign on a busy city street that reads GARDEN, render the exact characters: GARDEN",/Users/nicoleshen/Downloads/mmai_project/images/GARDEN_cluttered_verbatim_seed42.png,GARDEN,0.9493916377592775,0.0,0.0,True,True,success,5,False,True
GARDEN,medium_common,cluttered,verbatim,123,"a neon sign on a busy city street that reads GARDEN, render the exact characters: GARDEN",/Users/nicoleshen/Downloads/mmai_project/images/GARDEN_cluttered_verbatim_seed123.png,GARDEN,0.9900727060867094,0.0,0.0,True,True,success,5,True,True
STRAWBERRY,long_common,blank,quoted,42,"a plain white sign with the word ""STRAWBERRY"" printed clearly on it",/Users/nicoleshen/Downloads/mmai_project/images/STRAWBERRY_blank_quoted_seed42.png,STRAWERRY,0.99445116955341,0.1,0.1,False,True,near_miss,39,True,False
STRAWBERRY,long_common,blank,quoted,123,"a plain white sign with the word ""STRAWBERRY"" printed clearly on it",/Users/nicoleshen/Downloads/mmai_project/images/STRAWBERRY_blank_quoted_seed123.png,Stravgoeny,0.02055221990300785,0.5,0.5,False,False,partial,1,False,False
STRAWBERRY,long_common,blank,unquoted,42,a plain white sign with the word STRAWBERRY printed clearly on it,/Users/nicoleshen/Downloads/mmai_project/images/STRAWBERRY_blank_unquoted_seed42.png,Strawberry,0.8256098250323686,0.0,0.0,True,True,success,1,False,True
STRAWBERRY,long_common,blank,unquoted,123,a plain white sign with the word STRAWBERRY printed clearly on it,/Users/nicoleshen/Downloads/mmai_project/images/STRAWBERRY_blank_unquoted_seed123.png,Stsbwboony,0.02318403479792898,0.5,0.5,False,False,partial,1,False,False
STRAWBERRY,long_common,blank,letterspaced,42,a plain white sign with the word S T R A W B E R R Y printed clearly on it,/Users/nicoleshen/Downloads/mmai_project/images/STRAWBERRY_blank_letterspaced_seed42.png,S TABEER,0.7286682252045356,0.5,0.5,False,False,partial,1,False,False
STRAWBERRY,long_common,blank,letterspaced,123,a plain white sign with the word S T R A W B E R R Y printed clearly on it,/Users/nicoleshen/Downloads/mmai_project/images/STRAWBERRY_blank_letterspaced_seed123.png,STRAWIER,0.776267109259096,0.3,0.3,False,False,partial,1,False,False
STRAWBERRY,long_common,blank,verbatim,42,"a plain white sign with the word STRAWBERRY printed clearly on it, render the exact characters: STRAWBERRY",/Users/nicoleshen/Downloads/mmai_project/images/STRAWBERRY_blank_verbatim_seed42.png,,0.0,1.0,1.0,False,False,no_text,0,False,False
STRAWBERRY,long_common,blank,verbatim,123,"a plain white sign with the word STRAWBERRY printed clearly on it, render the exact characters: STRAWBERRY",/Users/nicoleshen/Downloads/mmai_project/images/STRAWBERRY_blank_verbatim_seed123.png,Strawberry,0.6434048420011808,0.0,0.0,True,True,success,1,False,True
STRAWBERRY,long_common,simple,quoted,42,"a wooden storefront sign that clearly says ""STRAWBERRY""",/Users/nicoleshen/Downloads/mmai_project/images/STRAWBERRY_simple_quoted_seed42.png,STTAWBERRY,0.9684917292069793,0.1,0.1,False,True,near_miss,9,True,False
STRAWBERRY,long_common,simple,quoted,123,"a wooden storefront sign that clearly says ""STRAWBERRY""",/Users/nicoleshen/Downloads/mmai_project/images/STRAWBERRY_simple_quoted_seed123.png,STNBERRY,0.5491285103747968,0.3,0.3,False,False,partial,4,False,False
STRAWBERRY,long_common,simple,unquoted,42,a wooden storefront sign that clearly says STRAWBERRY,/Users/nicoleshen/Downloads/mmai_project/images/STRAWBERRY_simple_unquoted_seed42.png,SSTAWBERRY,0.981824218983615,0.2,0.2,False,False,partial,8,True,False
STRAWBERRY,long_common,simple,unquoted,123,a wooden storefront sign that clearly says STRAWBERRY,/Users/nicoleshen/Downloads/mmai_project/images/STRAWBERRY_simple_unquoted_seed123.png,Snwperby,0.14862236962277486,0.5,0.5,False,False,partial,5,True,False
STRAWBERRY,long_common,simple,letterspaced,42,a wooden storefront sign that clearly says S T R A W B E R R Y,/Users/nicoleshen/Downloads/mmai_project/images/STRAWBERRY_simple_letterspaced_seed42.png,s S TRRBERER,0.47188926902748946,0.5833333333333334,0.7,False,False,partial,3,True,False
STRAWBERRY,long_common,simple,letterspaced,123,a wooden storefront sign that clearly says S T R A W B E R R Y,/Users/nicoleshen/Downloads/mmai_project/images/STRAWBERRY_simple_letterspaced_seed123.png,STjAAw,0.17392979735674619,0.7,0.7,False,False,partial,3,False,False
STRAWBERRY,long_common,simple,verbatim,42,"a wooden storefront sign that clearly says STRAWBERRY, render the exact characters: STRAWBERRY",/Users/nicoleshen/Downloads/mmai_project/images/STRAWBERRY_simple_verbatim_seed42.png,STLEER,0.16990509125576472,0.6,0.6,False,False,partial,2,False,False
STRAWBERRY,long_common,simple,verbatim,123,"a wooden storefront sign that clearly says STRAWBERRY, render the exact characters: STRAWBERRY",/Users/nicoleshen/Downloads/mmai_project/images/STRAWBERRY_simple_verbatim_seed123.png,STAWBBERRY,0.6224984450580616,0.2,0.2,False,False,partial,4,True,False
STRAWBERRY,long_common,cluttered,quoted,42,"a neon sign on a busy city street that reads ""STRAWBERRY""",/Users/nicoleshen/Downloads/mmai_project/images/STRAWBERRY_cluttered_quoted_seed42.png,STRAWBERRY,0.993022093521833,0.0,0.0,True,True,success,6,False,True
STRAWBERRY,long_common,cluttered,quoted,123,"a neon sign on a busy city street that reads ""STRAWBERRY""",/Users/nicoleshen/Downloads/mmai_project/images/STRAWBERRY_cluttered_quoted_seed123.png,SytauueJuy,0.08316672981986468,0.6,0.6,False,False,partial,4,False,False
STRAWBERRY,long_common,cluttered,unquoted,42,a neon sign on a busy city street that reads STRAWBERRY,/Users/nicoleshen/Downloads/mmai_project/images/STRAWBERRY_cluttered_unquoted_seed42.png,STRAWBERRY,0.9332028785906495,0.0,0.0,True,True,success,3,False,True
STRAWBERRY,long_common,cluttered,unquoted,123,a neon sign on a busy city street that reads STRAWBERRY,/Users/nicoleshen/Downloads/mmai_project/images/STRAWBERRY_cluttered_unquoted_seed123.png,Staunbbl),0.042583526641436574,0.7,0.7,False,False,partial,6,True,False
STRAWBERRY,long_common,cluttered,letterspaced,42,a neon sign on a busy city street that reads S T R A W B E R R Y,/Users/nicoleshen/Downloads/mmai_project/images/STRAWBERRY_cluttered_letterspaced_seed42.png,SWAV,0.981431782245636,0.8,0.8,False,False,partial,6,True,False
STRAWBERRY,long_common,cluttered,letterspaced,123,a neon sign on a busy city street that reads S T R A W B E R R Y,/Users/nicoleshen/Downloads/mmai_project/images/STRAWBERRY_cluttered_letterspaced_seed123.png,STRNERI,0.3751525296186412,0.5,0.5,False,False,partial,17,False,False
STRAWBERRY,long_common,cluttered,verbatim,42,"a neon sign on a busy city street that reads STRAWBERRY, render the exact characters: STRAWBERRY",/Users/nicoleshen/Downloads/mmai_project/images/STRAWBERRY_cluttered_verbatim_seed42.png,STRAWBERRY,0.9988263470128947,0.0,0.0,True,True,success,17,False,True
STRAWBERRY,long_common,cluttered,verbatim,123,"a neon sign on a busy city street that reads STRAWBERRY, render the exact characters: STRAWBERRY",/Users/nicoleshen/Downloads/mmai_project/images/STRAWBERRY_cluttered_verbatim_seed123.png,SSTRaweewn,0.07258085162408708,0.5,0.5,False,False,partial,6,True,False
THUNDERBOLT,long_common,blank,quoted,42,"a plain white sign with the word ""THUNDERBOLT"" printed clearly on it",/Users/nicoleshen/Downloads/mmai_project/images/THUNDERBOLT_blank_quoted_seed42.png,THWNEBERBOLLT,0.8492800167706938,0.3076923076923077,0.36363636363636365,False,False,partial,1,False,False
THUNDERBOLT,long_common,blank,quoted,123,"a plain white sign with the word ""THUNDERBOLT"" printed clearly on it",/Users/nicoleshen/Downloads/mmai_project/images/THUNDERBOLT_blank_quoted_seed123.png,THUBEREBROLT,0.9437897447622836,0.3333333333333333,0.36363636363636365,False,False,partial,1,False,False
THUNDERBOLT,long_common,blank,unquoted,42,a plain white sign with the word THUNDERBOLT printed clearly on it,/Users/nicoleshen/Downloads/mmai_project/images/THUNDERBOLT_blank_unquoted_seed42.png,THUINDBTORBLLT,0.852443854070291,0.35714285714285715,0.45454545454545453,False,False,partial,1,False,False
THUNDERBOLT,long_common,blank,unquoted,123,a plain white sign with the word THUNDERBOLT printed clearly on it,/Users/nicoleshen/Downloads/mmai_project/images/THUNDERBOLT_blank_unquoted_seed123.png,THUBEREBROLT,0.9982290036771696,0.3333333333333333,0.36363636363636365,False,False,partial,1,False,False
THUNDERBOLT,long_common,blank,letterspaced,42,a plain white sign with the word T H U N D E R B O L T printed clearly on it,/Users/nicoleshen/Downloads/mmai_project/images/THUNDERBOLT_blank_letterspaced_seed42.png,TUNELERBOOTL,0.5056014131885349,0.4166666666666667,0.45454545454545453,False,False,partial,4,True,False
THUNDERBOLT,long_common,blank,letterspaced,123,a plain white sign with the word T H U N D E R B O L T printed clearly on it,/Users/nicoleshen/Downloads/mmai_project/images/THUNDERBOLT_blank_letterspaced_seed123.png,THHCD  BOTL,0.27292491942891955,0.5454545454545454,0.5454545454545454,False,False,partial,1,False,False
THUNDERBOLT,long_common,blank,verbatim,42,"a plain white sign with the word THUNDERBOLT printed clearly on it, render the exact characters: THUNDERBOLT",/Users/nicoleshen/Downloads/mmai_project/images/THUNDERBOLT_blank_verbatim_seed42.png,Thinberrbobit,0.7138334431065254,0.38461538461538464,0.45454545454545453,False,False,partial,1,False,False
THUNDERBOLT,long_common,blank,verbatim,123,"a plain white sign with the word THUNDERBOLT printed clearly on it, render the exact characters: THUNDERBOLT",/Users/nicoleshen/Downloads/mmai_project/images/THUNDERBOLT_blank_verbatim_seed123.png,,0.0,1.0,1.0,False,False,no_text,0,False,False
THUNDERBOLT,long_common,simple,quoted,42,"a wooden storefront sign that clearly says ""THUNDERBOLT""",/Users/nicoleshen/Downloads/mmai_project/images/THUNDERBOLT_simple_quoted_seed42.png,THiewmit,0.05762296629925816,0.6363636363636364,0.6363636363636364,False,False,partial,2,False,False
THUNDERBOLT,long_common,simple,quoted,123,"a wooden storefront sign that clearly says ""THUNDERBOLT""",/Users/nicoleshen/Downloads/mmai_project/images/THUNDERBOLT_simple_quoted_seed123.png,n,0.03639692838013908,0.9090909090909091,0.9090909090909091,False,False,garbled,1,False,False
THUNDERBOLT,long_common,simple,unquoted,42,a wooden storefront sign that clearly says THUNDERBOLT,/Users/nicoleshen/Downloads/mmai_project/images/THUNDERBOLT_simple_unquoted_seed42.png,THUNLERER D OILL,0.7506364945274416,0.5,0.7272727272727273,False,False,partial,1,False,False
THUNDERBOLT,long_common,simple,unquoted,123,a wooden storefront sign that clearly says THUNDERBOLT,/Users/nicoleshen/Downloads/mmai_project/images/THUNDERBOLT_simple_unquoted_seed123.png,T77UNIDERDOI ,0.5447017506271491,0.46153846153846156,0.5454545454545454,False,False,partial,2,False,False
THUNDERBOLT,long_common,simple,letterspaced,42,a wooden storefront sign that clearly says T H U N D E R B O L T,/Users/nicoleshen/Downloads/mmai_project/images/THUNDERBOLT_simple_letterspaced_seed42.png,TH IN ER B 0 [,0.7119111980293551,0.5714285714285714,0.7272727272727273,False,False,partial,4,True,False
THUNDERBOLT,long_common,simple,letterspaced,123,a wooden storefront sign that clearly says T H U N D E R B O L T,/Users/nicoleshen/Downloads/mmai_project/images/THUNDERBOLT_simple_letterspaced_seed123.png,Ehtineil,0.38085877172585136,0.7272727272727273,0.7272727272727273,False,False,partial,4,True,False
THUNDERBOLT,long_common,simple,verbatim,42,"a wooden storefront sign that clearly says THUNDERBOLT, render the exact characters: THUNDERBOLT",/Users/nicoleshen/Downloads/mmai_project/images/THUNDERBOLT_simple_verbatim_seed42.png,TIDIHDTBERR ODLT,0.46126904997030005,0.5625,0.8181818181818182,False,False,partial,1,True,False
THUNDERBOLT,long_common,simple,verbatim,123,"a wooden storefront sign that clearly says THUNDERBOLT, render the exact characters: THUNDERBOLT",/Users/nicoleshen/Downloads/mmai_project/images/THUNDERBOLT_simple_verbatim_seed123.png,HHWNEDRBOLLL,0.10908191177462474,0.5,0.5454545454545454,False,False,partial,1,False,False
THUNDERBOLT,long_common,cluttered,quoted,42,"a neon sign on a busy city street that reads ""THUNDERBOLT""",/Users/nicoleshen/Downloads/mmai_project/images/THUNDERBOLT_cluttered_quoted_seed42.png,ITTHiNBROLL' 1,0.30004030662003134,0.7142857142857143,0.9090909090909091,False,False,partial,7,True,False
THUNDERBOLT,long_common,cluttered,quoted,123,"a neon sign on a busy city street that reads ""THUNDERBOLT""",/Users/nicoleshen/Downloads/mmai_project/images/THUNDERBOLT_cluttered_quoted_seed123.png,Musprolt,0.2429014792948236,0.5454545454545454,0.5454545454545454,False,False,partial,5,False,False
THUNDERBOLT,long_common,cluttered,unquoted,42,a neon sign on a busy city street that reads THUNDERBOLT,/Users/nicoleshen/Downloads/mmai_project/images/THUNDERBOLT_cluttered_unquoted_seed42.png,THUBERBOULT,0.518528542125337,0.2727272727272727,0.2727272727272727,False,False,partial,11,True,False
THUNDERBOLT,long_common,cluttered,unquoted,123,a neon sign on a busy city street that reads THUNDERBOLT,/Users/nicoleshen/Downloads/mmai_project/images/THUNDERBOLT_cluttered_unquoted_seed123.png,Thuberro_l,0.6377579834051259,0.45454545454545453,0.45454545454545453,False,False,partial,12,True,False
THUNDERBOLT,long_common,cluttered,letterspaced,42,a neon sign on a busy city street that reads T H U N D E R B O L T,/Users/nicoleshen/Downloads/mmai_project/images/THUNDERBOLT_cluttered_letterspaced_seed42.png,UNDST,0.6240487233152143,0.6363636363636364,0.6363636363636364,False,False,partial,7,True,False
THUNDERBOLT,long_common,cluttered,letterspaced,123,a neon sign on a busy city street that reads T H U N D E R B O L T,/Users/nicoleshen/Downloads/mmai_project/images/THUNDERBOLT_cluttered_letterspaced_seed123.png,NEROOLTp,0.0960319712990955,0.5454545454545454,0.5454545454545454,False,False,partial,8,True,False
THUNDERBOLT,long_common,cluttered,verbatim,42,"a neon sign on a busy city street that reads THUNDERBOLT, render the exact characters: THUNDERBOLT",/Users/nicoleshen/Downloads/mmai_project/images/THUNDERBOLT_cluttered_verbatim_seed42.png,THUDERBROULT,0.9900048297572187,0.25,0.2727272727272727,False,False,partial,8,True,False
THUNDERBOLT,long_common,cluttered,verbatim,123,"a neon sign on a busy city street that reads THUNDERBOLT, render the exact characters: THUNDERBOLT",/Users/nicoleshen/Downloads/mmai_project/images/THUNDERBOLT_cluttered_verbatim_seed123.png,THUERRODULT ] ,0.43250932319277435,0.5714285714285714,0.7272727272727273,False,False,partial,6,True,False
WATERMELON,long_common,blank,quoted,42,"a plain white sign with the word ""WATERMELON"" printed clearly on it",/Users/nicoleshen/Downloads/mmai_project/images/WATERMELON_blank_quoted_seed42.png,WATERAMON,0.9998206217112728,0.3,0.3,False,False,partial,3,False,False
WATERMELON,long_common,blank,quoted,123,"a plain white sign with the word ""WATERMELON"" printed clearly on it",/Users/nicoleshen/Downloads/mmai_project/images/WATERMELON_blank_quoted_seed123.png,WATEMMON,0.8189945690077572,0.3,0.3,False,False,partial,2,True,False
WATERMELON,long_common,blank,unquoted,42,a plain white sign with the word WATERMELON printed clearly on it,/Users/nicoleshen/Downloads/mmai_project/images/WATERMELON_blank_unquoted_seed42.png,,0.0,1.0,1.0,False,False,no_text,0,False,False
WATERMELON,long_common,blank,unquoted,123,a plain white sign with the word WATERMELON printed clearly on it,/Users/nicoleshen/Downloads/mmai_project/images/WATERMELON_blank_unquoted_seed123.png,Waetmom,0.5827274898743289,0.5,0.5,False,False,partial,2,False,False
WATERMELON,long_common,blank,letterspaced,42,a plain white sign with the word W A T E R M E L O N printed clearly on it,/Users/nicoleshen/Downloads/mmai_project/images/WATERMELON_blank_letterspaced_seed42.png,WATEREELL,0.9996986559492459,0.3,0.3,False,False,partial,1,False,False
WATERMELON,long_common,blank,letterspaced,123,a plain white sign with the word W A T E R M E L O N printed clearly on it,/Users/nicoleshen/Downloads/mmai_project/images/WATERMELON_blank_letterspaced_seed123.png,WATL LREM,0.29568267540161475,0.7,0.7,False,False,partial,1,False,False
WATERMELON,long_common,blank,verbatim,42,"a plain white sign with the word WATERMELON printed clearly on it, render the exact characters: WATERMELON",/Users/nicoleshen/Downloads/mmai_project/images/WATERMELON_blank_verbatim_seed42.png,,0.0,1.0,1.0,False,False,no_text,0,False,False
WATERMELON,long_common,blank,verbatim,123,"a plain white sign with the word WATERMELON printed clearly on it, render the exact characters: WATERMELON",/Users/nicoleshen/Downloads/mmai_project/images/WATERMELON_blank_verbatim_seed123.png,,0.0,1.0,1.0,False,False,no_text,1,True,False
WATERMELON,long_common,simple,quoted,42,"a wooden storefront sign that clearly says ""WATERMELON""",/Users/nicoleshen/Downloads/mmai_project/images/WATERMELON_simple_quoted_seed42.png,WAT EMERMLON,0.8345326549467513,0.3333333333333333,0.4,False,False,partial,2,False,False
WATERMELON,long_common,simple,quoted,123,"a wooden storefront sign that clearly says ""WATERMELON""",/Users/nicoleshen/Downloads/mmai_project/images/WATERMELON_simple_quoted_seed123.png,eL& Mo[,0.04596244630071998,0.8,0.8,False,False,partial,2,False,False
WATERMELON,long_common,simple,unquoted,42,a wooden storefront sign that clearly says WATERMELON,/Users/nicoleshen/Downloads/mmai_project/images/WATERMELON_simple_unquoted_seed42.png,WALTMERMOON,0.996284451888449,0.36363636363636365,0.4,False,False,partial,2,False,False
WATERMELON,long_common,simple,unquoted,123,a wooden storefront sign that clearly says WATERMELON,/Users/nicoleshen/Downloads/mmai_project/images/WATERMELON_simple_unquoted_seed123.png,WATELMEON,0.8880853251060258,0.2,0.2,False,False,partial,3,False,False
WATERMELON,long_common,simple,letterspaced,42,a wooden storefront sign that clearly says W A T E R M E L O N,/Users/nicoleshen/Downloads/mmai_project/images/WATERMELON_simple_letterspaced_seed42.png,WA TERELLL,0.7832801516912374,0.4,0.4,False,False,partial,1,False,False
WATERMELON,long_common,simple,letterspaced,123,a wooden storefront sign that clearly says W A T E R M E L O N,/Users/nicoleshen/Downloads/mmai_project/images/WATERMELON_simple_letterspaced_seed123.png,OLLMEHZ,0.2660216539278727,0.8,0.8,False,False,partial,4,False,False
WATERMELON,long_common,simple,verbatim,42,"a wooden storefront sign that clearly says WATERMELON, render the exact characters: WATERMELON",/Users/nicoleshen/Downloads/mmai_project/images/WATERMELON_simple_verbatim_seed42.png,WATIERMMLON,0.9223825809918034,0.18181818181818182,0.2,False,False,partial,1,False,False
WATERMELON,long_common,simple,verbatim,123,"a wooden storefront sign that clearly says WATERMELON, render the exact characters: WATERMELON",/Users/nicoleshen/Downloads/mmai_project/images/WATERMELON_simple_verbatim_seed123.png,,0.0,1.0,1.0,False,False,no_text,0,False,False
WATERMELON,long_common,cluttered,quoted,42,"a neon sign on a busy city street that reads ""WATERMELON""",/Users/nicoleshen/Downloads/mmai_project/images/WATERMELON_cluttered_quoted_seed42.png,WWATEEMELON,0.8080544018514557,0.18181818181818182,0.2,False,False,partial,3,True,False
WATERMELON,long_common,cluttered,quoted,123,"a neon sign on a busy city street that reads ""WATERMELON""",/Users/nicoleshen/Downloads/mmai_project/images/WATERMELON_cluttered_quoted_seed123.png,Slalerakoon |,0.1125625867472521,0.6153846153846154,0.8,False,False,partial,6,True,False
WATERMELON,long_common,cluttered,unquoted,42,a neon sign on a busy city street that reads WATERMELON,/Users/nicoleshen/Downloads/mmai_project/images/WATERMELON_cluttered_unquoted_seed42.png,AE ITERMELOU,0.5805729602320947,0.4166666666666667,0.5,False,False,partial,5,True,False
WATERMELON,long_common,cluttered,unquoted,123,a neon sign on a busy city street that reads WATERMELON,/Users/nicoleshen/Downloads/mmai_project/images/WATERMELON_cluttered_unquoted_seed123.png,WATERVLoN,0.16391075690044632,0.2,0.2,False,False,partial,13,True,False
WATERMELON,long_common,cluttered,letterspaced,42,a neon sign on a busy city street that reads W A T E R M E L O N,/Users/nicoleshen/Downloads/mmai_project/images/WATERMELON_cluttered_letterspaced_seed42.png,WATEROM,0.4694393107403433,0.4,0.4,False,False,partial,6,True,False
WATERMELON,long_common,cluttered,letterspaced,123,a neon sign on a busy city street that reads W A T E R M E L O N,/Users/nicoleshen/Downloads/mmai_project/images/WATERMELON_cluttered_letterspaced_seed123.png,WatteElell,0.22410242835687635,0.5,0.5,False,False,partial,11,True,False
WATERMELON,long_common,cluttered,verbatim,42,"a neon sign on a busy city street that reads WATERMELON, render the exact characters: WATERMELON",/Users/nicoleshen/Downloads/mmai_project/images/WATERMELON_cluttered_verbatim_seed42.png,WATEMLON,0.9964376470847272,0.2,0.2,False,False,partial,3,False,False
WATERMELON,long_common,cluttered,verbatim,123,"a neon sign on a busy city street that reads WATERMELON, render the exact characters: WATERMELON",/Users/nicoleshen/Downloads/mmai_project/images/WATERMELON_cluttered_verbatim_seed123.png,WNTERMLON,0.2874116763986804,0.2,0.2,False,False,partial,7,True,False
2847,digits,blank,quoted,42,"a plain white sign with the word ""2847"" printed clearly on it",/Users/nicoleshen/Downloads/mmai_project/images/2847_blank_quoted_seed42.png,2041,0.7682307293385723,0.5,0.5,False,False,partial,2,True,False
2847,digits,blank,quoted,123,"a plain white sign with the word ""2847"" printed clearly on it",/Users/nicoleshen/Downloads/mmai_project/images/2847_blank_quoted_seed123.png,2-47,0.9287546825036448,0.25,0.25,False,True,partial,2,True,False
2847,digits,blank,unquoted,42,a plain white sign with the word 2847 printed clearly on it,/Users/nicoleshen/Downloads/mmai_project/images/2847_blank_unquoted_seed42.png,24,0.9997904523002902,0.5,0.5,False,False,partial,1,False,False
2847,digits,blank,unquoted,123,a plain white sign with the word 2847 printed clearly on it,/Users/nicoleshen/Downloads/mmai_project/images/2847_blank_unquoted_seed123.png,2-47,0.9822973620896178,0.25,0.25,False,True,partial,2,True,False
2847,digits,blank,letterspaced,42,a plain white sign with the word 2 8 4 7 printed clearly on it,/Users/nicoleshen/Downloads/mmai_project/images/2847_blank_letterspaced_seed42.png,24,0.9997904523002902,0.5,0.5,False,False,partial,1,False,False
2847,digits,blank,letterspaced,123,a plain white sign with the word 2 8 4 7 printed clearly on it,/Users/nicoleshen/Downloads/mmai_project/images/2847_blank_letterspaced_seed123.png,2-47,0.9822973620896178,0.25,0.25,False,True,partial,2,True,False
2847,digits,blank,verbatim,42,"a plain white sign with the word 2847 printed clearly on it, render the exact characters: 2847",/Users/nicoleshen/Downloads/mmai_project/images/2847_blank_verbatim_seed42.png,247,0.9999992429193688,0.25,0.25,False,True,partial,2,False,False
2847,digits,blank,verbatim,123,"a plain white sign with the word 2847 printed clearly on it, render the exact characters: 2847",/Users/nicoleshen/Downloads/mmai_project/images/2847_blank_verbatim_seed123.png,2-47,0.6713511848457117,0.25,0.25,False,True,partial,2,True,False
2847,digits,simple,quoted,42,"a wooden storefront sign that clearly says ""2847""",/Users/nicoleshen/Downloads/mmai_project/images/2847_simple_quoted_seed42.png,2847,0.9999967813491821,0.0,0.0,True,True,success,1,False,True
2847,digits,simple,quoted,123,"a wooden storefront sign that clearly says ""2847""",/Users/nicoleshen/Downloads/mmai_project/images/2847_simple_quoted_seed123.png,2&.3477,0.7079463445938795,0.5714285714285714,1.0,False,False,partial,1,True,False
2847,digits,simple,unquoted,42,a wooden storefront sign that clearly says 2847,/Users/nicoleshen/Downloads/mmai_project/images/2847_simple_unquoted_seed42.png,24721,0.7650620604931052,0.6,0.75,False,False,partial,6,True,False
2847,digits,simple,unquoted,123,a wooden storefront sign that clearly says 2847,/Users/nicoleshen/Downloads/mmai_project/images/2847_simple_unquoted_seed123.png,28.3477,0.7220287925578649,0.42857142857142855,0.75,False,False,partial,3,True,False
2847,digits,simple,letterspaced,42,a wooden storefront sign that clearly says 2 8 4 7,/Users/nicoleshen/Downloads/mmai_project/images/2847_simple_letterspaced_seed42.png,24721,0.7650620604931052,0.6,0.75,False,False,partial,6,True,False
2847,digits,simple,letterspaced,123,a wooden storefront sign that clearly says 2 8 4 7,/Users/nicoleshen/Downloads/mmai_project/images/2847_simple_letterspaced_seed123.png,28.3477,0.7220287925578649,0.42857142857142855,0.75,False,False,partial,3,True,False
2847,digits,simple,verbatim,42,"a wooden storefront sign that clearly says 2847, render the exact characters: 2847",/Users/nicoleshen/Downloads/mmai_project/images/2847_simple_verbatim_seed42.png,28 4-2857 4 7,0.6682265197874326,0.6923076923076923,2.25,False,False,partial,1,True,False
2847,digits,simple,verbatim,123,"a wooden storefront sign that clearly says 2847, render the exact characters: 2847",/Users/nicoleshen/Downloads/mmai_project/images/2847_simple_verbatim_seed123.png,21,0.8874633623810064,0.75,0.75,False,False,partial,1,True,False
2847,digits,cluttered,quoted,42,"a neon sign on a busy city street that reads ""2847""",/Users/nicoleshen/Downloads/mmai_project/images/2847_cluttered_quoted_seed42.png,2447,0.497382992992632,0.25,0.25,False,True,partial,7,True,False
2847,digits,cluttered,quoted,123,"a neon sign on a busy city street that reads ""2847""",/Users/nicoleshen/Downloads/mmai_project/images/2847_cluttered_quoted_seed123.png,2847,0.9989800663245902,0.0,0.0,True,True,success,7,True,True
2847,digits,cluttered,unquoted,42,a neon sign on a busy city street that reads 2847,/Users/nicoleshen/Downloads/mmai_project/images/2847_cluttered_unquoted_seed42.png,84),0.9604450175338896,0.5,0.5,False,False,partial,8,True,False
2847,digits,cluttered,unquoted,123,a neon sign on a busy city street that reads 2847,/Users/nicoleshen/Downloads/mmai_project/images/2847_cluttered_unquoted_seed123.png,2847,0.8555942649761551,0.0,0.0,True,True,success,5,False,True
2847,digits,cluttered,letterspaced,42,a neon sign on a busy city street that reads 2 8 4 7,/Users/nicoleshen/Downloads/mmai_project/images/2847_cluttered_letterspaced_seed42.png,84),0.9604450175338896,0.5,0.5,False,False,partial,8,True,False
2847,digits,cluttered,letterspaced,123,a neon sign on a busy city street that reads 2 8 4 7,/Users/nicoleshen/Downloads/mmai_project/images/2847_cluttered_letterspaced_seed123.png,2847,0.8555942649761551,0.0,0.0,True,True,success,5,False,True
2847,digits,cluttered,verbatim,42,"a neon sign on a busy city street that reads 2847, render the exact characters: 2847",/Users/nicoleshen/Downloads/mmai_project/images/2847_cluttered_verbatim_seed42.png,2,0.9998896152442427,0.75,0.75,False,False,partial,2,True,False
2847,digits,cluttered,verbatim,123,"a neon sign on a busy city street that reads 2847, render the exact characters: 2847",/Users/nicoleshen/Downloads/mmai_project/images/2847_cluttered_verbatim_seed123.png,2341,0.9059506058692932,0.5,0.5,False,False,partial,9,True,False
90312,digits,blank,quoted,42,"a plain white sign with the word ""90312"" printed clearly on it",/Users/nicoleshen/Downloads/mmai_project/images/90312_blank_quoted_seed42.png,90821_,0.5256862347647865,0.5,0.6,False,False,partial,2,True,False
90312,digits,blank,quoted,123,"a plain white sign with the word ""90312"" printed clearly on it",/Users/nicoleshen/Downloads/mmai_project/images/90312_blank_quoted_seed123.png,9 0 1,0.7902790100542202,0.6,0.6,False,False,partial,2,True,False
90312,digits,blank,unquoted,42,a plain white sign with the word 90312 printed clearly on it,/Users/nicoleshen/Downloads/mmai_project/images/90312_blank_unquoted_seed42.png,90212129,0.8476590596522537,0.5,0.8,False,False,partial,4,True,False
90312,digits,blank,unquoted,123,a plain white sign with the word 90312 printed clearly on it,/Users/nicoleshen/Downloads/mmai_project/images/90312_blank_unquoted_seed123.png,900192 1,0.9849064479936762,0.5,0.8,False,False,partial,4,True,False
90312,digits,blank,letterspaced,42,a plain white sign with the word 9 0 3 1 2 printed clearly on it,/Users/nicoleshen/Downloads/mmai_project/images/90312_blank_letterspaced_seed42.png,90212129,0.8476590596522537,0.5,0.8,False,False,partial,4,True,False
90312,digits,blank,letterspaced,123,a plain white sign with the word 9 0 3 1 2 printed clearly on it,/Users/nicoleshen/Downloads/mmai_project/images/90312_blank_letterspaced_seed123.png,900192 1,0.9849064479936762,0.5,0.8,False,False,partial,4,True,False
90312,digits,blank,verbatim,42,"a plain white sign with the word 90312 printed clearly on it, render the exact characters: 90312",/Users/nicoleshen/Downloads/mmai_project/images/90312_blank_verbatim_seed42.png,98812,0.975420985866659,0.4,0.4,False,False,partial,3,True,False
90312,digits,blank,verbatim,123,"a plain white sign with the word 90312 printed clearly on it, render the exact characters: 90312",/Users/nicoleshen/Downloads/mmai_project/images/90312_blank_verbatim_seed123.png,02,0.9873552968185648,0.6,0.6,False,False,partial,2,True,False
90312,digits,simple,quoted,42,"a wooden storefront sign that clearly says ""90312""",/Users/nicoleshen/Downloads/mmai_project/images/90312_simple_quoted_seed42.png,90112,0.5651267408650468,0.2,0.2,False,True,partial,4,True,False
90312,digits,simple,quoted,123,"a wooden storefront sign that clearly says ""90312""",/Users/nicoleshen/Downloads/mmai_project/images/90312_simple_quoted_seed123.png,21,0.9855333373015875,0.8,0.8,False,False,partial,2,True,False
90312,digits,simple,unquoted,42,a wooden storefront sign that clearly says 90312,/Users/nicoleshen/Downloads/mmai_project/images/90312_simple_unquoted_seed42.png,80 2 12,0.007900005327068329,0.5714285714285714,0.8,False,False,partial,4,True,False
90312,digits,simple,unquoted,123,a wooden storefront sign that clearly says 90312,/Users/nicoleshen/Downloads/mmai_project/images/90312_simple_unquoted_seed123.png,8812,0.6800303042023794,0.6,0.6,False,False,partial,2,True,False
90312,digits,simple,letterspaced,42,a wooden storefront sign that clearly says 9 0 3 1 2,/Users/nicoleshen/Downloads/mmai_project/images/90312_simple_letterspaced_seed42.png,80 2 12,0.007900005327068329,0.5714285714285714,0.8,False,False,partial,4,True,False
90312,digits,simple,letterspaced,123,a wooden storefront sign that clearly says 9 0 3 1 2,/Users/nicoleshen/Downloads/mmai_project/images/90312_simple_letterspaced_seed123.png,8812,0.6800303042023794,0.6,0.6,False,False,partial,2,True,False
90312,digits,simple,verbatim,42,"a wooden storefront sign that clearly says 90312, render the exact characters: 90312",/Users/nicoleshen/Downloads/mmai_project/images/90312_simple_verbatim_seed42.png,90 1,0.5553684245975475,0.4,0.4,False,False,partial,3,True,False
90312,digits,simple,verbatim,123,"a wooden storefront sign that clearly says 90312, render the exact characters: 90312",/Users/nicoleshen/Downloads/mmai_project/images/90312_simple_verbatim_seed123.png,831,0.7728070911401475,0.6,0.6,False,False,partial,3,True,False
90312,digits,cluttered,quoted,42,"a neon sign on a busy city street that reads ""90312""",/Users/nicoleshen/Downloads/mmai_project/images/90312_cluttered_quoted_seed42.png,,0.0,1.0,1.0,False,False,no_text,2,False,False
90312,digits,cluttered,quoted,123,"a neon sign on a busy city street that reads ""90312""",/Users/nicoleshen/Downloads/mmai_project/images/90312_cluttered_quoted_seed123.png,93,0.9999434393978074,0.6,0.6,False,False,partial,11,True,False
90312,digits,cluttered,unquoted,42,a neon sign on a busy city street that reads 90312,/Users/nicoleshen/Downloads/mmai_project/images/90312_cluttered_unquoted_seed42.png,1,0.46220507540228084,0.8,0.8,False,False,partial,2,True,False
90312,digits,cluttered,unquoted,123,a neon sign on a busy city street that reads 90312,/Users/nicoleshen/Downloads/mmai_project/images/90312_cluttered_unquoted_seed123.png,93,0.9995463614654653,0.6,0.6,False,False,partial,10,True,False
90312,digits,cluttered,letterspaced,42,a neon sign on a busy city street that reads 9 0 3 1 2,/Users/nicoleshen/Downloads/mmai_project/images/90312_cluttered_letterspaced_seed42.png,1,0.46220507540228084,0.8,0.8,False,False,partial,2,True,False
90312,digits,cluttered,letterspaced,123,a neon sign on a busy city street that reads 9 0 3 1 2,/Users/nicoleshen/Downloads/mmai_project/images/90312_cluttered_letterspaced_seed123.png,93,0.9995463614654653,0.6,0.6,False,False,partial,10,True,False
90312,digits,cluttered,verbatim,42,"a neon sign on a busy city street that reads 90312, render the exact characters: 90312",/Users/nicoleshen/Downloads/mmai_project/images/90312_cluttered_verbatim_seed42.png,2,0.08028130627906549,0.8,0.8,False,False,partial,3,True,False
90312,digits,cluttered,verbatim,123,"a neon sign on a busy city street that reads 90312, render the exact characters: 90312",/Users/nicoleshen/Downloads/mmai_project/images/90312_cluttered_verbatim_seed123.png,908,0.9997742557234446,0.6,0.6,False,False,partial,19,True,False
15503,digits,blank,quoted,42,"a plain white sign with the word ""15503"" printed clearly on it",/Users/nicoleshen/Downloads/mmai_project/images/15503_blank_quoted_seed42.png,155-313+,0.6815090288815526,0.5,0.8,False,False,partial,2,False,False
15503,digits,blank,quoted,123,"a plain white sign with the word ""15503"" printed clearly on it",/Users/nicoleshen/Downloads/mmai_project/images/15503_blank_quoted_seed123.png,15333,0.9417661038776057,0.4,0.4,False,False,partial,4,True,False
15503,digits,blank,unquoted,42,a plain white sign with the word 15503 printed clearly on it,/Users/nicoleshen/Downloads/mmai_project/images/15503_blank_unquoted_seed42.png,15313,0.8570869756233989,0.4,0.4,False,False,partial,2,False,False
15503,digits,blank,unquoted,123,a plain white sign with the word 15503 printed clearly on it,/Users/nicoleshen/Downloads/mmai_project/images/15503_blank_unquoted_seed123.png,15633,0.7281370100173369,0.4,0.4,False,False,partial,2,False,False
15503,digits,blank,letterspaced,42,a plain white sign with the word 1 5 5 0 3 printed clearly on it,/Users/nicoleshen/Downloads/mmai_project/images/15503_blank_letterspaced_seed42.png,15313,0.8570869756233989,0.4,0.4,False,False,partial,2,False,False
15503,digits,blank,letterspaced,123,a plain white sign with the word 1 5 5 0 3 printed clearly on it,/Users/nicoleshen/Downloads/mmai_project/images/15503_blank_letterspaced_seed123.png,15633,0.7281370100173369,0.4,0.4,False,False,partial,2,False,False
15503,digits,blank,verbatim,42,"a plain white sign with the word 15503 printed clearly on it, render the exact characters: 15503",/Users/nicoleshen/Downloads/mmai_project/images/15503_blank_verbatim_seed42.png,1503,0.9955670109125695,0.2,0.2,False,True,partial,2,False,False
15503,digits,blank,verbatim,123,"a plain white sign with the word 15503 printed clearly on it, render the exact characters: 15503",/Users/nicoleshen/Downloads/mmai_project/images/15503_blank_verbatim_seed123.png,1 5 03,0.9542780460776265,0.3333333333333333,0.4,False,False,partial,2,True,False
15503,digits,simple,quoted,42,"a wooden storefront sign that clearly says ""15503""",/Users/nicoleshen/Downloads/mmai_project/images/15503_simple_quoted_seed42.png,153,0.9970025630876072,0.4,0.4,False,False,partial,4,True,False
15503,digits,simple,quoted,123,"a wooden storefront sign that clearly says ""15503""",/Users/nicoleshen/Downloads/mmai_project/images/15503_simple_quoted_seed123.png,555,0.9998970377391188,0.6,0.6,False,False,partial,2,True,False
15503,digits,simple,unquoted,42,a wooden storefront sign that clearly says 15503,/Users/nicoleshen/Downloads/mmai_project/images/15503_simple_unquoted_seed42.png,3255 13,0.6511897878860761,0.5714285714285714,0.8,False,False,partial,7,True,False
15503,digits,simple,unquoted,123,a wooden storefront sign that clearly says 15503,/Users/nicoleshen/Downloads/mmai_project/images/15503_simple_unquoted_seed123.png,,0.0,1.0,1.0,False,False,no_text,1,True,False
15503,digits,simple,letterspaced,42,a wooden storefront sign that clearly says 1 5 5 0 3,/Users/nicoleshen/Downloads/mmai_project/images/15503_simple_letterspaced_seed42.png,3255 13,0.6511897878860761,0.5714285714285714,0.8,False,False,partial,7,True,False
15503,digits,simple,letterspaced,123,a wooden storefront sign that clearly says 1 5 5 0 3,/Users/nicoleshen/Downloads/mmai_project/images/15503_simple_letterspaced_seed123.png,,0.0,1.0,1.0,False,False,no_text,1,True,False
15503,digits,simple,verbatim,42,"a wooden storefront sign that clearly says 15503, render the exact characters: 15503",/Users/nicoleshen/Downloads/mmai_project/images/15503_simple_verbatim_seed42.png,1 5 3,0.8340708267704242,0.4,0.4,False,False,partial,5,True,False
15503,digits,simple,verbatim,123,"a wooden storefront sign that clearly says 15503, render the exact characters: 15503",/Users/nicoleshen/Downloads/mmai_project/images/15503_simple_verbatim_seed123.png,15520,0.7209351965904941,0.4,0.4,False,False,partial,3,True,False
15503,digits,cluttered,quoted,42,"a neon sign on a busy city street that reads ""15503""",/Users/nicoleshen/Downloads/mmai_project/images/15503_cluttered_quoted_seed42.png,65503,0.5675735852277846,0.2,0.2,False,True,partial,10,True,False
15503,digits,cluttered,quoted,123,"a neon sign on a busy city street that reads ""15503""",/Users/nicoleshen/Downloads/mmai_project/images/15503_cluttered_quoted_seed123.png,1550,0.9995707273483276,0.2,0.2,False,True,partial,8,True,False
15503,digits,cluttered,unquoted,42,a neon sign on a busy city street that reads 15503,/Users/nicoleshen/Downloads/mmai_project/images/15503_cluttered_unquoted_seed42.png,[15513,0.7307513999175786,0.3333333333333333,0.4,False,False,partial,5,True,False
15503,digits,cluttered,unquoted,123,a neon sign on a busy city street that reads 15503,/Users/nicoleshen/Downloads/mmai_project/images/15503_cluttered_unquoted_seed123.png,115039,0.4724467001507389,0.3333333333333333,0.4,False,False,partial,13,True,True
15503,digits,cluttered,letterspaced,42,a neon sign on a busy city street that reads 1 5 5 0 3,/Users/nicoleshen/Downloads/mmai_project/images/15503_cluttered_letterspaced_seed42.png,[15513,0.7307513999175786,0.3333333333333333,0.4,False,False,partial,5,True,False
15503,digits,cluttered,letterspaced,123,a neon sign on a busy city street that reads 1 5 5 0 3,/Users/nicoleshen/Downloads/mmai_project/images/15503_cluttered_letterspaced_seed123.png,115039,0.4724467001507389,0.3333333333333333,0.4,False,False,partial,13,True,True
15503,digits,cluttered,verbatim,42,"a neon sign on a busy city street that reads 15503, render the exact characters: 15503",/Users/nicoleshen/Downloads/mmai_project/images/15503_cluttered_verbatim_seed42.png,1550,0.6824730038642883,0.2,0.2,False,True,partial,10,True,False
15503,digits,cluttered,verbatim,123,"a neon sign on a busy city street that reads 15503, render the exact characters: 15503",/Users/nicoleshen/Downloads/mmai_project/images/15503_cluttered_verbatim_seed123.png,75503,0.5333450314541768,0.2,0.2,False,True,partial,14,True,False
H2O,mixed_alphanum,blank,quoted,42,"a plain white sign with the word ""H2O"" printed clearly on it",/Users/nicoleshen/Downloads/mmai_project/images/H2O_blank_quoted_seed42.png,H' UTO:,0.6048931225392765,0.7142857142857143,1.6666666666666667,False,False,partial,3,True,False
H2O,mixed_alphanum,blank,quoted,123,"a plain white sign with the word ""H2O"" printed clearly on it",/Users/nicoleshen/Downloads/mmai_project/images/H2O_blank_quoted_seed123.png,H2o,0.7856743281659291,0.0,0.0,True,True,success,3,True,True
H2O,mixed_alphanum,blank,unquoted,42,a plain white sign with the word H2O printed clearly on it,/Users/nicoleshen/Downloads/mmai_project/images/H2O_blank_unquoted_seed42.png,H20,0.668902565529843,0.3333333333333333,0.3333333333333333,False,True,glyph_substitution,4,True,False
H2O,mixed_alphanum,blank,unquoted,123,a plain white sign with the word H2O printed clearly on it,/Users/nicoleshen/Downloads/mmai_project/images/H2O_blank_unquoted_seed123.png,H,0.9479249894984356,0.6666666666666666,0.6666666666666666,False,False,partial,3,True,False
H2O,mixed_alphanum,blank,letterspaced,42,a plain white sign with the word H 2 O printed clearly on it,/Users/nicoleshen/Downloads/mmai_project/images/H2O_blank_letterspaced_seed42.png,H20,0.668902565529843,0.3333333333333333,0.3333333333333333,False,True,glyph_substitution,4,True,False
H2O,mixed_alphanum,blank,letterspaced,123,a plain white sign with the word H 2 O printed clearly on it,/Users/nicoleshen/Downloads/mmai_project/images/H2O_blank_letterspaced_seed123.png,H,0.9479249894984356,0.6666666666666666,0.6666666666666666,False,False,partial,3,True,False
H2O,mixed_alphanum,blank,verbatim,42,"a plain white sign with the word H2O printed clearly on it, render the exact characters: H2O",/Users/nicoleshen/Downloads/mmai_project/images/H2O_blank_verbatim_seed42.png,h -2 -Ro,0.8054206060882371,0.625,1.6666666666666667,False,False,partial,2,True,False
H2O,mixed_alphanum,blank,verbatim,123,"a plain white sign with the word H2O printed clearly on it, render the exact characters: H2O",/Users/nicoleshen/Downloads/mmai_project/images/H2O_blank_verbatim_seed123.png,HQ,0.708802276856937,0.6666666666666666,0.6666666666666666,False,False,partial,2,True,False
H2O,mixed_alphanum,simple,quoted,42,"a wooden storefront sign that clearly says ""H2O""",/Users/nicoleshen/Downloads/mmai_project/images/H2O_simple_quoted_seed42.png,HO,0.8625266551531291,0.3333333333333333,0.3333333333333333,False,True,partial,1,False,False
H2O,mixed_alphanum,simple,quoted,123,"a wooden storefront sign that clearly says ""H2O""",/Users/nicoleshen/Downloads/mmai_project/images/H2O_simple_quoted_seed123.png,,0.0,1.0,1.0,False,False,no_text,1,True,False
H2O,mixed_alphanum,simple,unquoted,42,a wooden storefront sign that clearly says H2O,/Users/nicoleshen/Downloads/mmai_project/images/H2O_simple_unquoted_seed42.png,He,0.6225497946162304,0.6666666666666666,0.6666666666666666,False,False,partial,3,True,False
H2O,mixed_alphanum,simple,unquoted,123,a wooden storefront sign that clearly says H2O,/Users/nicoleshen/Downloads/mmai_project/images/H2O_simple_unquoted_seed123.png,Holl,0.9341272711753845,0.75,1.0,False,False,partial,1,True,False
H2O,mixed_alphanum,simple,letterspaced,42,a wooden storefront sign that clearly says H 2 O,/Users/nicoleshen/Downloads/mmai_project/images/H2O_simple_letterspaced_seed42.png,He,0.6225497946162304,0.6666666666666666,0.6666666666666666,False,False,partial,3,True,False
H2O,mixed_alphanum,simple,letterspaced,123,a wooden storefront sign that clearly says H 2 O,/Users/nicoleshen/Downloads/mmai_project/images/H2O_simple_letterspaced_seed123.png,Holl,0.9341272711753845,0.75,1.0,False,False,partial,1,True,False
H2O,mixed_alphanum,simple,verbatim,42,"a wooden storefront sign that clearly says H2O, render the exact characters: H2O",/Users/nicoleshen/Downloads/mmai_project/images/H2O_simple_verbatim_seed42.png,H%,0.3874680451429139,0.6666666666666666,0.6666666666666666,False,False,partial,5,True,False
H2O,mixed_alphanum,simple,verbatim,123,"a wooden storefront sign that clearly says H2O, render the exact characters: H2O",/Users/nicoleshen/Downloads/mmai_project/images/H2O_simple_verbatim_seed123.png,Hh,0.15057731711967978,0.6666666666666666,0.6666666666666666,False,False,partial,1,False,False
H2O,mixed_alphanum,cluttered,quoted,42,"a neon sign on a busy city street that reads ""H2O""",/Users/nicoleshen/Downloads/mmai_project/images/H2O_cluttered_quoted_seed42.png,hO,0.35121103466918946,0.3333333333333333,0.3333333333333333,False,True,partial,5,True,False
H2O,mixed_alphanum,cluttered,quoted,123,"a neon sign on a busy city street that reads ""H2O""",/Users/nicoleshen/Downloads/mmai_project/images/H2O_cluttered_quoted_seed123.png,HOO,0.9939664464679344,0.3333333333333333,0.3333333333333333,False,True,partial,5,True,False
H2O,mixed_alphanum,cluttered,unquoted,42,a neon sign on a busy city street that reads H2O,/Users/nicoleshen/Downloads/mmai_project/images/H2O_cluttered_unquoted_seed42.png,H.0,0.09579058806806445,0.6666666666666666,0.6666666666666666,False,False,partial,8,True,False
H2O,mixed_alphanum,cluttered,unquoted,123,a neon sign on a busy city street that reads H2O,/Users/nicoleshen/Downloads/mmai_project/images/H2O_cluttered_unquoted_seed123.png,hO,0.5733715622928934,0.3333333333333333,0.3333333333333333,False,True,partial,6,True,False
H2O,mixed_alphanum,cluttered,letterspaced,42,a neon sign on a busy city street that reads H 2 O,/Users/nicoleshen/Downloads/mmai_project/images/H2O_cluttered_letterspaced_seed42.png,H.0,0.09579058806806445,0.6666666666666666,0.6666666666666666,False,False,partial,8,True,False
H2O,mixed_alphanum,cluttered,letterspaced,123,a neon sign on a busy city street that reads H 2 O,/Users/nicoleshen/Downloads/mmai_project/images/H2O_cluttered_letterspaced_seed123.png,hO,0.5733715622928934,0.3333333333333333,0.3333333333333333,False,True,partial,6,True,False
H2O,mixed_alphanum,cluttered,verbatim,42,"a neon sign on a busy city street that reads H2O, render the exact characters: H2O",/Users/nicoleshen/Downloads/mmai_project/images/H2O_cluttered_verbatim_seed42.png,Ho,0.14079867564744517,0.3333333333333333,0.3333333333333333,False,True,partial,8,True,False
H2O,mixed_alphanum,cluttered,verbatim,123,"a neon sign on a busy city street that reads H2O, render the exact characters: H2O",/Users/nicoleshen/Downloads/mmai_project/images/H2O_cluttered_verbatim_seed123.png,HIO,0.664315836424889,0.3333333333333333,0.3333333333333333,False,True,partial,7,True,False
R2D2,mixed_alphanum,blank,quoted,42,"a plain white sign with the word ""R2D2"" printed clearly on it",/Users/nicoleshen/Downloads/mmai_project/images/R2D2_blank_quoted_seed42.png,Rr-2BDe21,0.4412186241037162,0.5555555555555556,1.25,False,False,partial,3,True,False
R2D2,mixed_alphanum,blank,quoted,123,"a plain white sign with the word ""R2D2"" printed clearly on it",/Users/nicoleshen/Downloads/mmai_project/images/R2D2_blank_quoted_seed123.png,R2-,0.45361435413360596,0.5,0.5,False,False,partial,3,False,False
R2D2,mixed_alphanum,blank,unquoted,42,a plain white sign with the word R2D2 printed clearly on it,/Users/nicoleshen/Downloads/mmai_project/images/R2D2_blank_unquoted_seed42.png,,0.0,1.0,1.0,False,False,no_text,0,False,False
R2D2,mixed_alphanum,blank,unquoted,123,a plain white sign with the word R2D2 printed clearly on it,/Users/nicoleshen/Downloads/mmai_project/images/R2D2_blank_unquoted_seed123.png,,0.0,1.0,1.0,False,False,no_text,0,False,False
R2D2,mixed_alphanum,blank,letterspaced,42,a plain white sign with the word R 2 D 2 printed clearly on it,/Users/nicoleshen/Downloads/mmai_project/images/R2D2_blank_letterspaced_seed42.png,,0.0,1.0,1.0,False,False,no_text,0,False,False
R2D2,mixed_alphanum,blank,letterspaced,123,a plain white sign with the word R 2 D 2 printed clearly on it,/Users/nicoleshen/Downloads/mmai_project/images/R2D2_blank_letterspaced_seed123.png,,0.0,1.0,1.0,False,False,no_text,0,False,False
R2D2,mixed_alphanum,blank,verbatim,42,"a plain white sign with the word R2D2 printed clearly on it, render the exact characters: R2D2",/Users/nicoleshen/Downloads/mmai_project/images/R2D2_blank_verbatim_seed42.png,,0.0,1.0,1.0,False,False,no_text,1,False,False
R2D2,mixed_alphanum,blank,verbatim,123,"a plain white sign with the word R2D2 printed clearly on it, render the exact characters: R2D2",/Users/nicoleshen/Downloads/mmai_project/images/R2D2_blank_verbatim_seed123.png,,0.0,1.0,1.0,False,False,no_text,0,False,False
R2D2,mixed_alphanum,simple,quoted,42,"a wooden storefront sign that clearly says ""R2D2""",/Users/nicoleshen/Downloads/mmai_project/images/R2D2_simple_quoted_seed42.png,RI2LEID,0.22468501508006913,0.7142857142857143,1.25,False,False,partial,6,True,False
R2D2,mixed_alphanum,simple,quoted,123,"a wooden storefront sign that clearly says ""R2D2""",/Users/nicoleshen/Downloads/mmai_project/images/R2D2_simple_quoted_seed123.png,,0.0,1.0,1.0,False,False,no_text,0,False,False
R2D2,mixed_alphanum,simple,unquoted,42,a wooden storefront sign that clearly says R2D2,/Users/nicoleshen/Downloads/mmai_project/images/R2D2_simple_unquoted_seed42.png,RZDEHIDL,0.27170057074875925,0.75,1.5,False,False,partial,2,False,False
R2D2,mixed_alphanum,simple,unquoted,123,a wooden storefront sign that clearly says R2D2,/Users/nicoleshen/Downloads/mmai_project/images/R2D2_simple_unquoted_seed123.png,,0.0,1.0,1.0,False,False,no_text,0,False,False
R2D2,mixed_alphanum,simple,letterspaced,42,a wooden storefront sign that clearly says R 2 D 2,/Users/nicoleshen/Downloads/mmai_project/images/R2D2_simple_letterspaced_seed42.png,RZDEHIDL,0.27170057074875925,0.75,1.5,False,False,partial,2,False,False
R2D2,mixed_alphanum,simple,letterspaced,123,a wooden storefront sign that clearly says R 2 D 2,/Users/nicoleshen/Downloads/mmai_project/images/R2D2_simple_letterspaced_seed123.png,,0.0,1.0,1.0,False,False,no_text,0,False,False
R2D2,mixed_alphanum,simple,verbatim,42,"a wooden storefront sign that clearly says R2D2, render the exact characters: R2D2",/Users/nicoleshen/Downloads/mmai_project/images/R2D2_simple_verbatim_seed42.png,R2,0.48208337911812643,0.5,0.5,False,False,partial,8,True,False
R2D2,mixed_alphanum,simple,verbatim,123,"a wooden storefront sign that clearly says R2D2, render the exact characters: R2D2",/Users/nicoleshen/Downloads/mmai_project/images/R2D2_simple_verbatim_seed123.png,RzRDeDI,0.16639921936312047,0.7142857142857143,1.25,False,False,partial,5,True,False
R2D2,mixed_alphanum,cluttered,quoted,42,"a neon sign on a busy city street that reads ""R2D2""",/Users/nicoleshen/Downloads/mmai_project/images/R2D2_cluttered_quoted_seed42.png,ED,0.46531603030780466,0.75,0.75,False,False,partial,5,True,False
R2D2,mixed_alphanum,cluttered,quoted,123,"a neon sign on a busy city street that reads ""R2D2""",/Users/nicoleshen/Downloads/mmai_project/images/R2D2_cluttered_quoted_seed123.png,Ri2p d,0.02159506127750264,0.6666666666666666,1.0,False,False,partial,5,True,False
R2D2,mixed_alphanum,cluttered,unquoted,42,a neon sign on a busy city street that reads R2D2,/Users/nicoleshen/Downloads/mmai_project/images/R2D2_cluttered_unquoted_seed42.png,2,0.9985921573076126,0.75,0.75,False,False,partial,7,True,False
R2D2,mixed_alphanum,cluttered,unquoted,123,a neon sign on a busy city street that reads R2D2,/Users/nicoleshen/Downloads/mmai_project/images/R2D2_cluttered_unquoted_seed123.png,ROD2,0.9011006951332092,0.25,0.25,False,True,partial,3,True,False
R2D2,mixed_alphanum,cluttered,letterspaced,42,a neon sign on a busy city street that reads R 2 D 2,/Users/nicoleshen/Downloads/mmai_project/images/R2D2_cluttered_letterspaced_seed42.png,2,0.9985921573076126,0.75,0.75,False,False,partial,7,True,False
R2D2,mixed_alphanum,cluttered,letterspaced,123,a neon sign on a busy city street that reads R 2 D 2,/Users/nicoleshen/Downloads/mmai_project/images/R2D2_cluttered_letterspaced_seed123.png,ROD2,0.9011006951332092,0.25,0.25,False,True,partial,3,True,False
R2D2,mixed_alphanum,cluttered,verbatim,42,"a neon sign on a busy city street that reads R2D2, render the exact characters: R2D2",/Users/nicoleshen/Downloads/mmai_project/images/R2D2_cluttered_verbatim_seed42.png,2,0.9901149203690238,0.75,0.75,False,False,partial,6,True,False
R2D2,mixed_alphanum,cluttered,verbatim,123,"a neon sign on a busy city street that reads R2D2, render the exact characters: R2D2",/Users/nicoleshen/Downloads/mmai_project/images/R2D2_cluttered_verbatim_seed123.png,Rl2D2,0.5539280115573045,0.2,0.25,False,True,partial,2,False,False
B52,mixed_alphanum,blank,quoted,42,"a plain white sign with the word ""B52"" printed clearly on it",/Users/nicoleshen/Downloads/mmai_project/images/B52_blank_quoted_seed42.png,B,0.2955843262496707,0.6666666666666666,0.6666666666666666,False,False,partial,3,True,False
B52,mixed_alphanum,blank,quoted,123,"a plain white sign with the word ""B52"" printed clearly on it",/Users/nicoleshen/Downloads/mmai_project/images/B52_blank_quoted_seed123.png,B2,0.999397353267044,0.3333333333333333,0.3333333333333333,False,True,partial,2,True,False
B52,mixed_alphanum,blank,unquoted,42,a plain white sign with the word B52 printed clearly on it,/Users/nicoleshen/Downloads/mmai_project/images/B52_blank_unquoted_seed42.png,B6 53,0.6152987975630273,0.6,1.0,False,False,partial,3,True,False
B52,mixed_alphanum,blank,unquoted,123,a plain white sign with the word B52 printed clearly on it,/Users/nicoleshen/Downloads/mmai_project/images/B52_blank_unquoted_seed123.png,B2,0.8432664348046393,0.3333333333333333,0.3333333333333333,False,True,partial,2,True,False
B52,mixed_alphanum,blank,letterspaced,42,a plain white sign with the word B 5 2 printed clearly on it,/Users/nicoleshen/Downloads/mmai_project/images/B52_blank_letterspaced_seed42.png,B6 53,0.6152987975630273,0.6,1.0,False,False,partial,3,True,False
B52,mixed_alphanum,blank,letterspaced,123,a plain white sign with the word B 5 2 printed clearly on it,/Users/nicoleshen/Downloads/mmai_project/images/B52_blank_letterspaced_seed123.png,B2,0.8432664348046393,0.3333333333333333,0.3333333333333333,False,True,partial,2,True,False
B52,mixed_alphanum,blank,verbatim,42,"a plain white sign with the word B52 printed clearly on it, render the exact characters: B52",/Users/nicoleshen/Downloads/mmai_project/images/B52_blank_verbatim_seed42.png,15,0.40221614358573726,0.6666666666666666,0.6666666666666666,False,False,partial,1,True,False
B52,mixed_alphanum,blank,verbatim,123,"a plain white sign with the word B52 printed clearly on it, render the exact characters: B52",/Users/nicoleshen/Downloads/mmai_project/images/B52_blank_verbatim_seed123.png,B?,0.35079805235663086,0.6666666666666666,0.6666666666666666,False,False,partial,2,True,False
B52,mixed_alphanum,simple,quoted,42,"a wooden storefront sign that clearly says ""B52""",/Users/nicoleshen/Downloads/mmai_project/images/B52_simple_quoted_seed42.png,B92,0.727013450323125,0.3333333333333333,0.3333333333333333,False,True,partial,3,True,True
B52,mixed_alphanum,simple,quoted,123,"a wooden storefront sign that clearly says ""B52""",/Users/nicoleshen/Downloads/mmai_project/images/B52_simple_quoted_seed123.png,B,0.9354145807722034,0.6666666666666666,0.6666666666666666,False,False,partial,2,True,False
B52,mixed_alphanum,simple,unquoted,42,a wooden storefront sign that clearly says B52,/Users/nicoleshen/Downloads/mmai_project/images/B52_simple_unquoted_seed42.png,B5z,0.6460854411125183,0.3333333333333333,0.3333333333333333,False,True,glyph_substitution,6,True,False
B52,mixed_alphanum,simple,unquoted,123,a wooden storefront sign that clearly says B52,/Users/nicoleshen/Downloads/mmai_project/images/B52_simple_unquoted_seed123.png,B,0.9874708993574508,0.6666666666666666,0.6666666666666666,False,False,partial,1,True,False
B52,mixed_alphanum,simple,letterspaced,42,a wooden storefront sign that clearly says B 5 2,/Users/nicoleshen/Downloads/mmai_project/images/B52_simple_letterspaced_seed42.png,B5z,0.6460854411125183,0.3333333333333333,0.3333333333333333,False,True,glyph_substitution,6,True,False
B52,mixed_alphanum,simple,letterspaced,123,a wooden storefront sign that clearly says B 5 2,/Users/nicoleshen/Downloads/mmai_project/images/B52_simple_letterspaced_seed123.png,B,0.9874708993574508,0.6666666666666666,0.6666666666666666,False,False,partial,1,True,False
B52,mixed_alphanum,simple,verbatim,42,"a wooden storefront sign that clearly says B52, render the exact characters: B52",/Users/nicoleshen/Downloads/mmai_project/images/B52_simple_verbatim_seed42.png,be5s,0.14531366235954915,0.5,0.6666666666666666,False,False,partial,9,True,False
B52,mixed_alphanum,simple,verbatim,123,"a wooden storefront sign that clearly says B52, render the exact characters: B52",/Users/nicoleshen/Downloads/mmai_project/images/B52_simple_verbatim_seed123.png,2,0.6881422719475019,0.6666666666666666,0.6666666666666666,False,False,partial,4,True,False
B52,mixed_alphanum,cluttered,quoted,42,"a neon sign on a busy city street that reads ""B52""",/Users/nicoleshen/Downloads/mmai_project/images/B52_cluttered_quoted_seed42.png,B5,0.9079467079304865,0.3333333333333333,0.3333333333333333,False,True,partial,9,True,False
B52,mixed_alphanum,cluttered,quoted,123,"a neon sign on a busy city street that reads ""B52""",/Users/nicoleshen/Downloads/mmai_project/images/B52_cluttered_quoted_seed123.png,B5,0.8840519816720536,0.3333333333333333,0.3333333333333333,False,True,partial,7,True,False
B52,mixed_alphanum,cluttered,unquoted,42,a neon sign on a busy city street that reads B52,/Users/nicoleshen/Downloads/mmai_project/images/B52_cluttered_unquoted_seed42.png,B525,0.749620795249939,0.25,0.3333333333333333,False,True,partial,9,True,True
B52,mixed_alphanum,cluttered,unquoted,123,a neon sign on a busy city street that reads B52,/Users/nicoleshen/Downloads/mmai_project/images/B52_cluttered_unquoted_seed123.png,B5,0.9919461658028547,0.3333333333333333,0.3333333333333333,False,True,partial,12,True,False
B52,mixed_alphanum,cluttered,letterspaced,42,a neon sign on a busy city street that reads B 5 2,/Users/nicoleshen/Downloads/mmai_project/images/B52_cluttered_letterspaced_seed42.png,B525,0.749620795249939,0.25,0.3333333333333333,False,True,partial,9,True,True
B52,mixed_alphanum,cluttered,letterspaced,123,a neon sign on a busy city street that reads B 5 2,/Users/nicoleshen/Downloads/mmai_project/images/B52_cluttered_letterspaced_seed123.png,B5,0.9919461658028547,0.3333333333333333,0.3333333333333333,False,True,partial,12,True,False
B52,mixed_alphanum,cluttered,verbatim,42,"a neon sign on a busy city street that reads B52, render the exact characters: B52",/Users/nicoleshen/Downloads/mmai_project/images/B52_cluttered_verbatim_seed42.png,B52,0.7431963353600358,0.0,0.0,True,True,success,9,True,True
B52,mixed_alphanum,cluttered,verbatim,123,"a neon sign on a busy city street that reads B52, render the exact characters: B52",/Users/nicoleshen/Downloads/mmai_project/images/B52_cluttered_verbatim_seed123.png,B5/,0.45339934993763875,0.3333333333333333,0.3333333333333333,False,True,partial,8,True,False
